-- phpMyAdmin SQL Dump
-- version 5.1.1
-- https://www.phpmyadmin.net/
--
-- Host: 127.0.0.1:3306
-- Generation Time: Aug 08, 2022 at 08:23 AM
-- Server version: 5.7.36
-- PHP Version: 7.4.26

SET SQL_MODE = "NO_AUTO_VALUE_ON_ZERO";
START TRANSACTION;
SET time_zone = "+00:00";


/*!40101 SET @OLD_CHARACTER_SET_CLIENT=@@CHARACTER_SET_CLIENT */;
/*!40101 SET @OLD_CHARACTER_SET_RESULTS=@@CHARACTER_SET_RESULTS */;
/*!40101 SET @OLD_COLLATION_CONNECTION=@@COLLATION_CONNECTION */;
/*!40101 SET NAMES utf8mb4 */;

--
-- Database: `audio_project`
--
CREATE DATABASE IF NOT EXISTS `audio_project` DEFAULT CHARACTER SET latin1 COLLATE latin1_swedish_ci;
USE `audio_project`;

-- --------------------------------------------------------

--
-- Table structure for table `album`
--

DROP TABLE IF EXISTS `album`;
CREATE TABLE IF NOT EXISTS `album` (
  `albumID` int(11) NOT NULL AUTO_INCREMENT,
  `albumTitle` varchar(100) NOT NULL,
  `albumCover` text NOT NULL,
  `albumArtist` varchar(100) NOT NULL,
  `albumReleaseDate` datetime NOT NULL,
  `albumGenreFK` int(11) NOT NULL,
  PRIMARY KEY (`albumID`)
) ENGINE=MyISAM AUTO_INCREMENT=79 DEFAULT CHARSET=latin1;

--
-- Dumping data for table `album`
--

INSERT INTO `album` (`albumID`, `albumTitle`, `albumCover`, `albumArtist`, `albumReleaseDate`, `albumGenreFK`) VALUES
(38, 'Sunroof', 'https://raw.githubusercontent.com/limcai21/project-music/main/music/Sunroof/cover.jpg', 'Nicky Youre & Dazy', '2021-12-03 00:00:00', 9),
(39, 'Any Song', 'https://raw.githubusercontent.com/limcai21/project-music/main/music/Any%20Song/cover.jpg', 'ZICO', '2020-01-13 00:00:00', 8),
(61, 'Be Alright', 'https://raw.githubusercontent.com/limcai21/project-music/main/music/Be%20Alright/cover.jpg', 'Dean Lewis', '2018-06-29 00:00:00', 9),
(41, 'Celebrity', 'https://raw.githubusercontent.com/limcai21/project-music/main/music/Celebrity/cover.jpg', 'IU', '2021-01-27 00:00:00', 8),
(46, 'Don\'t Wake Me Up', 'https://raw.githubusercontent.com/limcai21/project-music/main/music/Dont%20Wake%20Me%20Up/cover.jpg', 'Jonas Blue &amp; Why Don\'t We', '2022-07-17 00:00:00', 4),
(48, 'Hold On', 'https://raw.githubusercontent.com/limcai21/project-music/main/music/Hold%20On/cover.png', 'Justin Bieber', '2021-03-05 00:00:00', 9),
(49, 'Left and Right', 'https://raw.githubusercontent.com/limcai21/project-music/main/music/Left%20and%20Right/cover.jpg', 'Charlie Puth & Jung Kook', '2022-06-24 00:00:00', 9),
(50, 'Levitating (feat. DaBaby)', 'https://raw.githubusercontent.com/limcai21/project-music/main/music/Levitating/cover.jpg', 'Dua Lipa', '2020-10-01 00:00:00', 9),
(51, 'My Universe', 'https://raw.githubusercontent.com/limcai21/project-music/main/music/My%20Universe/cover.jpg', 'Coldplay & BTS', '2021-09-24 00:00:00', 1),
(52, 'STAY', 'https://raw.githubusercontent.com/limcai21/project-music/main/music/STAY/cover.jpg', 'The Kid LAROI & Justin Bieber', '2021-07-09 00:00:00', 9),
(53, 'September', 'https://raw.githubusercontent.com/limcai21/project-music/main/music/September/cover.jpg', 'James Arthur', '2021-06-11 00:00:00', 9),
(54, 'So Far Away (feat. Jamie Scott & Romy)', 'https://raw.githubusercontent.com/limcai21/project-music/main/music/So%20Far%20Away/cover.jpg', 'Martin Garrix & David Guetta', '2017-12-01 00:00:00', 3),
(55, 'ZOOM', 'https://raw.githubusercontent.com/limcai21/project-music/main/music/ZOOM/cover.jpg', 'Jessi', '2022-04-13 00:00:00', 8),
(56, 'all the kids are depressed', 'https://raw.githubusercontent.com/limcai21/project-music/main/music/all%20the%20kids%20are%20depressed/cover.jpg', 'Jeremy Zucker', '2018-04-06 00:00:00', 9),
(57, 'this is what falling in love feel like', 'https://raw.githubusercontent.com/limcai21/project-music/main/music/this%20is%20what%20falling%20in%20love%20feel%20like/cover.jpg', 'JVKE', '2021-09-03 00:00:00', 9),
(58, 'R ', 'https://raw.githubusercontent.com/limcai21/project-music/main/music/R/cover.jpg', 'ROSÉ', '2021-03-12 00:00:00', 8),
(63, 'Lover', 'https://raw.githubusercontent.com/limcai21/project-music/main/music/Lover/cover.jpg', 'Taylor Swift', '2019-08-23 00:00:00', 9),
(64, 'Voicenotes', 'https://raw.githubusercontent.com/limcai21/project-music/main/music/Voicenotes/cover.jpg', 'Charlie Puth', '2018-05-11 00:00:00', 9),
(65, 'I met you when I was 18. (the playlist)', 'https://raw.githubusercontent.com/limcai21/project-music/main/music/I%20met%20you%20when%20I%20was%2018.%20(the%20playlist)/cover.jpg', 'Lauv', '2018-05-31 00:00:00', 9),
(70, 'Paradise ', 'https://raw.githubusercontent.com/limcai21/project-music/main/music/Paradise/cover.jpg', 'Chase Atlantic', '2016-12-20 00:00:00', 1),
(71, 'Red Scarf (&quot;Till We Meet Again&quot; Movie Theme Song)', 'https://raw.githubusercontent.com/limcai21/project-music/main/music/Red%20Scarf/cover.jpg', 'WeiBird', '2021-11-05 00:00:00', 16),
(78, 'Blow', 'https://raw.githubusercontent.com/limcai21/project-music/main/music/Blow/cover.jpg', 'Jackson Wang', '2022-03-31 00:00:00', 9);

-- --------------------------------------------------------

--
-- Table structure for table `genre`
--

DROP TABLE IF EXISTS `genre`;
CREATE TABLE IF NOT EXISTS `genre` (
  `genreID` int(11) NOT NULL AUTO_INCREMENT,
  `genreTitle` varchar(128) NOT NULL,
  PRIMARY KEY (`genreID`)
) ENGINE=MyISAM AUTO_INCREMENT=17 DEFAULT CHARSET=latin1;

--
-- Dumping data for table `genre`
--

INSERT INTO `genre` (`genreID`, `genreTitle`) VALUES
(1, 'Alternative'),
(2, 'Country'),
(3, 'Dance'),
(4, 'Dance Pop'),
(5, 'Electronic'),
(6, 'Hip-Hop'),
(7, 'Rap'),
(8, 'K-Pop'),
(9, 'Pop'),
(10, 'Soul'),
(11, 'R&B'),
(12, 'Rock'),
(13, 'TV Soundtrack'),
(15, 'Metal'),
(16, 'Mandopop');

-- --------------------------------------------------------

--
-- Table structure for table `playlist`
--

DROP TABLE IF EXISTS `playlist`;
CREATE TABLE IF NOT EXISTS `playlist` (
  `playlistID` int(11) NOT NULL AUTO_INCREMENT,
  `playlistName` varchar(255) NOT NULL,
  `playlistOwner` varchar(255) NOT NULL,
  `playlistPrivate` int(11) NOT NULL COMMENT 'Yes = 1 | No = 0',
  `playlistCover` longblob NOT NULL,
  PRIMARY KEY (`playlistID`)
) ENGINE=MyISAM AUTO_INCREMENT=204 DEFAULT CHARSET=latin1;

--
-- Dumping data for table `playlist`
--

INSERT INTO `playlist` (`playlistID`, `playlistName`, `playlistOwner`, `playlistPrivate`, `playlistCover`) VALUES
(166, 'Favourites', '42', 1, ''),
(13, 'Favourites', '37', 1, '');
INSERT INTO `playlist` (`playlistID`, `playlistName`, `playlistOwner`, `playlistPrivate`, `playlistCover`) VALUES
(168, 'asdasdad', '37', 0, 0x2f396a2f34414151536b5a4a5267414241514141534142494141442f34514259525868705a674141545530414b674141414167414167455341414d414141414241414541414964704141514141414142414141414a674141414141414136414241414d41414141422f2f3841414b4143414151414141414241414142514b4144414151414141414241414142514141414141442f37514134554768766447397a6147397749444d754d414134516b6c4e424151414141414141414134516b6c4e42435541414141414142445548597a5a6a774379424f6d41435a6a732b454a2b2f2b49434b456c4451313951556b394753557846414145424141414347474677634777454141414162573530636c4a485169425957566f67422b594141514142414141414141414159574e7a6345465155457741414141415156425154414141414141414141414141414141414141414141414141506257414145414141414130793168634842733750326a6a6a694652384e74744c315065746f594c7741414141414141414141414141414141414141414141414141414141414141414141414141414141414b5a47567a5977414141507741414141775933427964414141415377414141425164335277644141414158774141414155636c685a57674141415a4141414141555a31685a576741414161514141414155596c685a576741414162674141414155636c5253517741414163774141414167593268685a4141414165774141414173596c52535177414141637741414141675a31525351774141416377414141416762577831597741414141414141414142414141414447567556564d4141414155414141414841424541476b41637742774147774159514235414341415541417a62577831597741414141414141414142414141414447567556564d414141413041414141484142444147384163414235414849416151426e41476741644141674145454163414277414777415a51416741456b416267426a414334414c414167414449414d41417941444a5957566f6741414141414141413974554141514141414144544c46685a5769414141414141414143443377414150622f2f2f2f2b3757466c6149414141414141414145712f414143784e77414143726c5957566f6741414141414141414b4467414142454c4141444975584268636d45414141414141414d41414141435a6d594141504b6e4141414e5751414145394141414170626332597a4d67414141414141415178434141414633762f2f3879594141416554414144396b502f2f2b364c2f2f2f326a41414144334141417747372f7741415243414641415541444153494141684542417845422f38514148774141415155424151454241514541414141414141414141414543417751464267634943516f4c2f3851417452414141674544417749454177554642415141414146394151494441415152425249684d5545474531466842794a7846444b426b61454949304b78775256533066416b4d324a7967676b4b4668635947526f6c4a69636f4b536f304e5459334f446b3651305246526b644953557054564656575631685a576d4e6b5a575a6e61476c7163335231646e643465587144684957476834694a69704b546c4a57576c35695a6d714b6a704b576d7036697071724b7a744c57327437693575734c44784d584778386a4a79744c54314e585731396a5a32754869342b546c3575666f3665727838765030396662332b506e362f38514148774541417745424151454241514542415141414141414141414543417751464267634943516f4c2f385141745245414167454342415144424163464241514141514a3341414543417845454253457842684a425551646863524d694d6f454946454b526f62484243534d7a55764156596e4c524368596b4e4f456c3852635947526f6d4a7967704b6a55324e7a67354f6b4e4552555a4853456c4b55315256566c64595756706a5a47566d5a326870616e4e3064585a3365486c36676f4f456859614869496d4b6b704f556c5a61586d4a6d616f714f6b7061616e714b6d7173724f3074626133754c6d367773504578636248794d6e4b3074505531646258324e6e613475506b3565626e364f6e7138765030396662332b506e362f397341517741424151454241514543415145434177494341674d4641774d444177554742515546425155474277594742675947426763484277634842776348434167494341674943676f4b43676f4c4377734c4377734c4377734c2f397341517745434167494441774d4641774d46444167474341774d4441774d4441774d4441774d4441774d4441774d4441774d4441774d4441774d4441774d4441774d4441774d4441774d4441774d4441774d4441774d4441774d2f393041424141552f396f4144414d424141495241784541507744376973376534514f30555376762b387542697574682b793238506c716962322f685543736f2f62504c32323663534c3937745669336a386d33456b725959593274583476667a50324f527366327070646e617035794c35682b5835514b6d3154554c6534333236684778387651594e5a74314e42356e796f72686c33665433726e57566d6e4679506d522f7662754f4b726d46797368767265343879574f4862355963626b5544754f315846573374347a74437630567477474b764c6279584465566153352f6856635934396174617070637a71764f397634565959356f69484d796a5a72622b59566d3242582b384e6f7273724877706133532b5a5a784a35584879746a72574c3466303251585161362b36337971726574656b572f6e524d5964505656583776546d6e75524f5859383931753052645169686b5479306a586175414f414458644c5a787470634b6a623576336d32675657754e502b335465584844762b62632b37726d7336614c55724f514c43575666346d7037454852717468627943474a464f563273324267566c583131707471766d4c745038505164613576375a4e622b62357a2f4b37626d5a6574535846726132734b4e4e4b7839505771356d54796d704e71476d73453278373866773446614672613256353871786766337542317269664d6162506b6f3379742f4431774b702b4539513861664544557072663455327958384562624a6452754356736f334855655941786d63663349382b354656434535753043726445656758476d32647649306b6858795975573359774d652f7058482f384c4338436a56457439446e58557034324b4e4670304c335a4a507235434f422b4a723372772f384173342b485a5653392b4b46302f6971364442764b754235566d682f365a327948422b73724f612b684e4f307578306130476e3654436c706270387178514b49304830435946657054792f543332624b684a373648356c7438517450746451754271656d3674624a797535394d7641442f414f51656c59766944784e38503963306566522f454f6f4c703064796f5a4a586a6b67614b5254766a6b547a55546c48415a6663562b7276377a2b4632483434714b34682b3252744464487a55623779763877503447742f714650644e6c797730752f34487a722b7a2f38414737773338574e4a754e44754c717a6c3854614f697271554675794d47422b3563783436777a6456622b4135513869766f615454374f3658374c4a4575326235473448527544586c7437384566684864654a49664755656732646c724e742f717451736b467463414871504d6932466765344f516534723131573237576a507a442b4b752b4a7252556b7254507a472b462b6f61625a2f43757a764e61654b7a6873664e73743977555541573872786458322f334b37477a386165476236336550776a42646134352b582f6957326b74776e2f66784538762f77416672366c3058396e2f414f455768366b2b7257756832317a64504c4a4f737434444f564d6a6c7949784a6b494d6c69716852587369577379786849305949506c56564277507772686558786332327a6d68683557733266434e76592b4d7275464a6f66424f7371702b6235346f492f3065624e463571486937535941383367665845582b4a6f72574f5848345279452f2b4f31393065584747322f786633616c57464750384e58395170462f56764d2f4f5350346c6543667469326575584c6156634d3233794e54686530596e323839457a2f774531316c354847493061314b474b5835766d77526a3272376c315452395031697a4f6d3631424665577a2f4b30553669525350384163664b3138352b4a50325966426330557333773775626a776e636e507932583779314a50392b326b33522f3938624437316855792f77446b5a4477306c7471664f7a4d306b786b6b325944634c675656686b6b6a75487570416863342b5841724a3854615834362b44397a742b4a31716f30333771617a5a5a61304a3765614438397366392f4b656a3036336d6a764d5462764d562b566465344e6566556f7a7075306b5a78374d366a792f4d55586769544a2b39774b78585a576d59786f6f582b4c675675527a573857324d4865775773655a6d2b30655a4a39316d2f68724d714d535338756f666b574b4653772b3832427a57617471737a475459754439376755534d33327a617a664d33792f53745256617a773062637438744178304e764732466854356676644b3636337437567638416c6b702b6f3656486f7252334e78396d6b4f46487a4c585853572b50756263626355475a79333247475a39317643767a4832347270644c302b31334f3177692f3842413630327a326a5973493656745265544449647a597a2f46514c6c526b346853646873525133734b74655861797238305135396852756a33466a39332b39566553346a615262654d6672514d6f336a57624b565a42744833754b38377549595675684a4746782f42774b39456d314f31302b5177716d397932317178645773463874726e79575166336c37653941482f2f512f52363674566d6a534733665a73623556397170366c5a7435596a6835582b373630323457346a6d2b3251376d4b2f3361334c4c61303062536e6c6d2b375834756673426b7777746471476c6932503933355277423271764c42396a686c754c3539695039336a6e69756b757072654761534f475962332f41496653714635444e5038414c496e6d6f362f4c2f5767446e4c694f516f6a574d7a4239705a4836636471364c772f39754e72466133782f65687437666a564f787462715864617332583266497659437443477a755938584634646f436d4e565832376d7169444e6a54645174355a475a6b786876797858522f616c74342f4f376c766c2f47754f7337654e6f583273777933387163724e444d576c3346423932694d695a524f75754a4a476b526f585647483376657375347435766d75504e33715750337164593355662b7356506d2f75317457636431637a5047647252763833793976705658755363374670747665784757524d376337565956792f696538307651394e532b31356d5162776b5730466d6b6b6268456a51664d376e2b4542633171654b764541384d77694f3652357275346e45466c617744644e645374306a6a48632f336d3641636b6756374638482f6733714768335138662f4569534b383853534b56676a6935677349323678572b65726e2f6c704d6558364443635632596243757076734f45584e3252356c34482b412f69767839733162347671326d364b666d693850524e2b386c4859333871486e2f72684564672f6a4c394b2b306450303278306d7a68734e4c68533274344645635555534256565230414134412b6c58466a55564a58755536634971796964314f696f374252546c322f7856796669785046397a5a70702f6731344c53346d6261393563447a4243766370462f79306630566d43647a3648614a6f3359702b4d7669463458384372627861354d7875377a3562577874314d74784f5232696954357a376e674475525844787a66484478682f704e756c6e344e73482b3674776f7662306a2f62514551526e323353563258672f34642b482f426b6b2b7057766d336d71586e2f4831715630664d754a7639392b4d494f79496f516468586555637957786e7974376e6a362f433357726a357458385a2b494a6e2f3659545257792f67496f522f4f753473323076776e485a364866616c50504e65796d4b332b31796d575752774e3541505567415a507058544e752f6872775434592f774446777646562f77444761364f2b306b3361626f4b7430537a6a6639354f5065366b47632f3838776c5648556c7855476c4863397a7672477a31537a6c302b2b6a5761475a634f6a64434b386f6d2f5a342b4563732f3279505266496d336274317650635248502f414a4258732b315437314a4730667a625670786b7a52714c335234756e776e764e48627a504276696657644e59666469754a52657766392b376b4f66796356657364532b4c656933435165494e4e73746274762b6672545a50496c2b723238374566393854666858724731572b39546d586e6174506d5a504b6c384f67337a4e3946636834713044574e5a745562772f71382b6a337344626b6c52456c6a50744c452f44702b49506f52584a654866486d72322b75512b436669566178616271382b66737338424a744c7a484a386833355351446b777638343667754f614f566963375055395175625743366865336c525a496e557179734d6767395151654344365638532f456a396e712b3848655a346e2b444e73303169767a3347674a36643373696675502f463544664966344e68345033496f586176656d79527133384e597a70715373776e4254566d666c33346631725339617330314c534a664e68664b377551515163464344794842344b747944317255766f6270592f4d684f6636563735386250676a6454586c783855506872626239592b2f71466768415455465564523246304239782f77446c7039782b78487a31706576615872326d7072576e7476686d5435654d45456346485138683050444138676a46654a69634d365430324f535630375449764f6b6d79386d336a35666c7251733257345656595a32315232733066397769747253595959354e71383771354a5359534f2b307637435657534c71463234617461532b525632787038333037316932647244616b737235444c77613039306361353366645864527a6145465331754937584d647875334f3161456a57397a685a433242383353716368563038342f4c74717646635358436c6c502b7a527a41545846396274483878782f6471786133437953426a742b3739367558386e3939736d33596476317259534f5733623935453339373046554257766f595271516c566d485271333562327757784d64776d386c67797378714f34337a5272386d47322f786461346d38757070462b797375314662387141502f3066306d327448634d73507a71767056714e6c4c4365626a633233337a545757336b6b3277727361744b31574656327169794e2f577678632f5943356232566c462b386b526478724a614b4b4e6a444638757a356c565456316b6b7334336b6b44625257412b735739394a35634978752f6978673058387774354457764e516a3144374a436d575a6564772f72562f5464556d57595233446636723542753731645761307459397a4c387a2f414d585531526968302b61365a6d5665666d33656c567a4d4461565a506c6a4b664e757a55306b62534b64797149682f4655497543736874385a434c39366e53544c383063337941346264556751712f373739346d786839333655654a5046316e345230714f36386d5738757035426232566862387a5855352b35464750582b4a69654547536542575472336948546644576833477561733750735949697844644a493748456363614437386a6e3556587561396b2b4450776c76744875762b466a2f454a466b3853585552534b4c4f364f7868622f6c68456568632f77444c615471353448794156335954444f6f396468526735506b512f774344667766315451645166346c664579574b2b38563371465033527a425a51747a396d747339762b657376575139654d41665236714636554b75326e563942474b53304f36464e55315a425252584f2b4b76465769654464417566456e6943627962533258356d555a596b6e434969446c33636e434b4f53654b6f70757830486d527177556c515438712b394f727950774234623852586d725466456a78387252617265526556613247374d646a62357a35592f684d7a395a705058354238674766584b71516f4f367546464b6570704b6b6f38712b4c756f616f3368754c77663466646f74533853546a54595a5636784c49436269582f746e4148503178586f2b6b3664702b69366262615470635377323170457345434c30564647415079466559324b2f384a4a385a4c792b666d32384d57533263582f583165596c6c503145496a582f414947613965566431564c735a78316d3338687972493348384e584b7072497972697253747547616f304772487462646d6e5039326e5647306a4c39326757774e46754742584c2b4b50432b672b4d4e436d38502b4a4c5a627131754d4d794d534343764b4f6a6a6c4851386f34354236563143794d79376d7075324e767655436c45386538482b49646430485768384e66486c7a397076396a53366266734d666259463637386343356847337a6c2f6a474a4277546a324e50754c58432b50764274763430304639482b304e5a33554c69347372794c2f41466c7663522f36755650703931682f47684b4867316d664450783564654c744c754c48586f46733964306558374a716c7170794935674d68347a33686d51724a47336f6655476e2f654d6f766b66497a30566f704e7246766c7234372b4e3377726d3048554c6e34746543625a70642f77412b74324551795a6c4857356951663874347839384c2f72452f32774d2f5a7a2f64716e4a4779384c2f414e39566e4f436b724d7563464e57507a582b316166655773577061584d737345794356485135444b65515236673170616176797239342f4e5879742b336434582b4d33374a7669442f686f54344e796632683444765a777574364463444d4e6e5049663962415238384d4d35507a59345351394d50584e66414839746a774c38616c2f736e772f704f732f323142454a62717967744a4c7279783079486742796e766765344665546963747130317a72574839626e6b56635a537031485271757a382b766f666f4e35624c47734c625930464f686b5973504d3556712b6639572f61492b466e68652b68305878317245576858647a2f716f4e5857537a4c592f7566614554503456364670766a4477373469564a7644743762336b4c4e387a577371536a2f78786d727a70516d74576a5346574d2f67647a764a3138794d37656638414371647243736a66784b425761756f5238724677702f765661625749346f314f503934314a7279737633473157526d2b6244565a55746366764a572b52667572584c2f62397a427431624564392b354268326b2f374e587a496b303564734d32396e5a56583566616e2f593435492f4d745172722f454771707465614647586e65337a656c583061477a2b5a6c324b6159482f2f30763067584b782f6578747066746b697837626473507433567a6b6d717872646d786c543256712f4176346e66384655506a592b75616a7050676e546449307143317570626448645a4c695845546c4d6e6534544a7836562b53595041566353327158512f574d5a6a4b5747536c5665352f51766561334a4a622b557a3747583733716135427463307a536c4d756f537043672b62644b516f48766b34722b566678682b33422b3039347956346455385a3338454d6e2f4c4b7932576f2f3841495368762f48712b626462386165492f45637a546137714631714c7639357271575358502f665a61766170384c31582f41424b6958396649386566453146664242763841412f726d38536674526641667771332f414255336a4852726248336c61366a5a7679516b313470716e2f425354396b2f526268312f7743456a66555648617a745a35632f516c454836312f4c4d743135664d4156503930597259303972696134534e537a4679465665704a5059442b492b7931327734586f7234716a4f4372785256667777532f482f492f72612b4276375531352b303165584b2f41507750346731757a7448387566557268494c4b306a6272734d38736e4a782f4341534f347235682f62452f6234386166732f3841784676506772702f682b77754e657372654a376966375a35384e764a4b4e346964493434795a414d4d7935774d6a4e652b66416e396f7a5466324b662b43542f414962386461786f37366234694b33466e70326d33735a686b7574516d6e6b4b536c48416679396e373579562b344d64785834312f73562f73352b4b50323450326c43766a6961653830775474725069612f62377a72492b54486e2b2f6376386739457a3656356558344b6c557131616c535037754c61586d30483972597572797767317a7937492f63662f41494a732f44333478664644523476327076326974566e3147572f7a2f77414931707271496f4c65486f627352446a7a4a4f52477a5a49546e504e66734e457531616c38442b4172713874346442384a32615257316e457353496732785252714d49505141446852576c71326a33326861684c70656f4a736c692b392f694b39446c5736566b66613457456155465263727936397a4e6f6f714e393334554855456b6b614b30736a4b6f43376d5a6a6741447554365634503458695078613854516645752b446638492f70626e2b77594847424e4a796a3337672b767a4a6265695a6b36754d5776487a7a66455478455068465973773039455734313656446a3977332b72744152306535786c2f5345482b2b4b3971743455686a534f4e4651497531565559414134414137415657786b2f656475684d76432f4c54714b4b6b314369696967436a5a3662702b6e79584d316e4573545863706e6c596678534541456e3841425636696967535667715463712f367359707174746264512f3371426b7369664b4d5573615a5771394f5574393056584d7863714c6a4e7470766c2f774366386d694e575837314d2b614e747a644b664d6735555253444456345638544c57627754346774766a56704159705a78433031794a662b57746a6e496c782f6674584f3865735a63656c65367333377a645665614f4f614637655a466c52314b736a4449495042424863486f615a4d3458566965317549356f306d686458696451797370794344794344364772444d7a4c7432313456384b544a34527639532b447438374f4e453233476c753579583036596e79686b395441344d4a39676e725875692f367567554a33567a527576676a2f77414c613845332b6a36786257743770577052535764786133422b57614e686830497833722b4e3739707a34452f476a2f676d442b317861367634516c6e736c7435573148773566796a6373396f54695343584844347a356377376a443978583931487766766f376a777a4a5a2f78323835336638433546664e2f2f42516a396a50772f774474746673353670384d706c6768385132656233773966796a2f414646366f34425055527a4439334b766f5165777230634861334c4c5a376e783264796549627054577132507a52316a346b6643582f676f702b7744346b38544c5952584d713654644e5059543461585439537459764d4151395151517249362f66512b3546667870326572586c6973576f36584b3173377147333237474d35497a3151697630762f596e2f41476d504658374350375346356f7678477437697930573775446f2f697254705238304a6963703575772f38744c5a393237316a7950537633392f61692f344a712f737a2f74556544376a78463450302b79384f2b4a4c79415432477561536f6a696c4c4466475a343438527a51766b63376434427944327278364e654f543170556171627053315437487a507656307266476a2b547677782b31682b305a344a5a46384e2b4e4e5868525034486e4d3066384133784c764666536668582f6771422b306c6f763776586a7065756f6366386645486c4e2f333341552f6c583539654d76447572654466456d6f2b453963693875393075366c733768464f514a595a444734422b6f6246636530306d3767313956504134577172756d6e386a4b475a59716b37527150377a397a5042662f42563751726e5a483436384b584673362f656c3036644a522f33784b45502f414938612f5162344366746366425034375855756a2b443955663841744b4f4c7a327372714a3470676f504a415042412f6977787858386d734e7779313938663845356d764e552f617530714f31356a30327975376934622f5a4d666c67666d363134755a5a46686f305a5659585453505a775766346d64574e4f646e64322f71782f553170757252725a71736e386633666174533376493279736a5a3231356e627953575559754966766e2b395770486661682b2b624338727a366356385566617969662f2f542b797451754c68592f7463662f66566679692f7478664461342b423337535775324f6e7073307657482f74617a58735937676b75422f75536231722b734c7a7265477a386d546e2f4147612f48663841344b77664353507864384a39502b4b2b6a7737702f444535536662314e726345416b2f376b6d302f69612f4d736778587373556f7661576e2b522b6d5a376866623456746278312f7a5077787462364b38674678626e492f6939716d444e3072796d317670394b75504d672f344576725870576e3330577051696133502b387663562b685369666e504d6256757557722b727a2f414949752f73682f4476522f676a61667450654a744e67762f452b76584d36366450634153665a6257475178447967666c523548424c76317867644b2f6d522b4550776b2b496e78713863326677392b46756b54367a724e383337713174687a676458636e35555166784f3541466630712b50764633784d2f77434362503841775445735067763432314b7a6678317230743370656b72594d572b7a7758546d576439352b2b317447374465464133756d4f6e50792f457335564b645043555a65394a3764626635485a67306e55764c5a4835726638464f50326f727239716e397061587737344c6d652f384e2b46484f6b36516b5850326964334358453644755a704149347639674431722b6b4c2f41494a792f736548396e58344c365238507a4572654a746259582b7479342f3562736e2b722f3349452b5165344a37312b442f2f414152352f5a574878532b4c30767879385557652f5166425442624e5a526c5a64515966752b765879452b6476397370583970587762384a7270576b743467756b2f3069362b564e33614d66346d7264474e4f45634a53326966555a5454396c546e6a716931656b543144772f6f466a346230755053645048794a39357537487554587a7a385a476a2f345378466a2b3874757537387a6976714c59316647506a7256463166785a655830625a54667354364c78576c62536e5939444b564f70586332636e58442f414243385932666748776a64654b4c794e726c6f564351573666656d6e6c4f794b4965377551507a4e64737a626138487649322b4958786768744f756b2b4357453739784c7155796675782f3237776e662f76794430726c6966527a646c6f6470384e66434e353452384e69505770567564597635577664536e582f414a61584d764d6d503968506c5246374942586f3153665a626947464c69534a31535437724d4341666f6539523149517461794369696967737061706652365670647a715533334c6143535676704768662b6c5a666844564a39653849365672313574456c375a7733443765426d534d4f63666e584f664679382b772f4333784a64627362644c7546583674475548366d7571384f324336543466734e496a4746744c574b42562f3635786850365658517a752b657874555555564a6f464f62642f46546164757a6a50616742745749764c3235627255507a4c38314e6f41737953592b3755544d7a486255645a6d7561577575614c64364d5a6e742f746354524c4b6877305a493463483151375451427137766c365562666c33563537384c76466c353478384632757161774654556f64316e714b4c30573674334d5534482b79584752374556364a44444a6353434b466375376256556479616532684d5a707135347a38584c6562513765772b4b2b6d6f786e384d4f5a62685647544a59793446326d423177414a68377058736c746351334559754c64316b696c554f6b693867676a49492b6f726f764648672f584e42684336396262595a6c4b646d5535484b484874327235322b444e784e6f756e366c384c3735326562777064665a594759354c57636738797a662f7632664c336571477448667159716162353476522f6d665950776c31722b7a2f4568302b632f4a6570732f34454f522f68583038305756774b384e305034557779614c62617444645048666b436447343873487142362f6a5875467530306c756b6c306d79566c2b5a6651393636714b64724d2b5a7a4b72546e5635366239542b55372f67766e2b772f2f41474c7246742b323138504c52526261673856683471696948437a2f41484c613849482f41443047324756765549653570663841676a4a2b31742f776d6e674b62396c33787463373956384c49627253486c504d756e352b654c334e73352b582f706d5236562f5474385566686c34502b4d487739317234572f45437a572f305478425a7957563341777a75696b47446a3342326c44324942722f50702b495868483475663845337632304a394968642f77433276416d7165625a79754d4c6532626636742f51783355425948337a3656654f776178324664462f477476362f412b61786b4853714b7444356e6c66375933374f5037516e77622b4a6d726549766a6c3463754e4d506944564c71366876567739724f30737279667535554a544f446e5963506a745878544e47306263312f6f487778664266397466396e57326d75345974593849654e744f562f4b6c47536f6b47503841674530443768754849644b2f67732b4e48672b6234542f454c784434433165587a4a6442314b3430356e2f353647435578672f69426d6c772f6d377853644763625469634f4c7739763369656a504b395131496166447556766e50334258374d663845646668336358582f435866466936546475614c533447623148373254482f66534376776d6c75707236382b3054662f714666316c2f38453566427348777a2f5a64385061666351744465616d6a6172645a484a61344f552f4b4d4a5852784a57396c684f542b5a324f33494b48744d576e2f4c71666430544b574d55712f4d462b56617561626450754e764d467a2f4475724e74544a4a495a7634572b37752f70547a747670767338612f4d477a752b6e61767a342f52442f3150666f6465303234747a63584434632f4c3870727a66346b61666f2f6a7a77727158672f576b3836313153336b73353137625a426a394f6f3936342b2b3853577471754d2f70564676456b4c512b63334f39612f4749585454522b307546315a6e387266784738453674384f2f476d712b42396347793830713461316633326e672f694e70726c644e75726a54376f5451746a2b5272394b503841676f78344674492f47576e6646445445326a556b2b78336e623937455033622f414970782b46664450776d2b466e6a4434782b4f4c50774434466757353143387a7356324561674c793775353641442f414f734b2f5573486a5656777971792b5a2b55356c6848687138365833483968762f42446e34632f432f532f3255346669646f6355542b4b76453131502f616b72444d795251796d4f4341487149776f332f4c775850504e666b702f77556d2b4f47716674592f746b5465452f41502f41424d644f38507a6a77316f6b5552334361627a4d537944482f50536337643339784258726e686466694a2f77546c2f592f31323868385366626461646d5454327434797363453934504c4b495835644d3770447655636a67567a502f4246483449322f786a2b4f6c35385a5045454f2b7a3843524b385375633772363479493339396942332b7046664b3444444a5971766d44643165792f7238447477314756586b7773465a7950365850324e503262644e2b4176776a384c66412f5264727a57794437624f762f4c61366c2b65346c2f46383439674b2f587947474f336853474559534e5171723743766b2f344d3273636e6a434b52762b574d456a4c2b574b2b744b39444461336d7a366a4e5971446a51687446484d2b4e4e662f34522f77414e334f6f482f5737646b582b3833417235516c384b2b494939462f34534b533359575a7838376477652b4f75506576586648463948346e38613250673953336b5179685a66646a7966794879313276784d6d7439503844334d536a4376746952562b763841674b632f6662386a54427a654855597061792f492b4a50463369577a38482b484e52385661674e384f6d323758444b4f7262526b4950647a77507258556673762f4379366a3057335878522b38754e7831485647622f6c72643342387951483242342b6741727876347166385437562f4450773936783672662f61377a2f723373514a33482f4135504c48307a58364e6644505231306e776e62794d763732372f7742496476384165366670574d4958615236475a562f5a783033322f7235476638576c74313846737242654a59396e743950777235587236432b4e57724b734e6e6f635a2b5a6d4d372f516343766e3271726232486c4d4771463331436969697354307a78763437487a2f414962334f6b6a356e314f36744c4a5639664f755977522b576139672b38377376336478727872346f4e4a65654a2f41336839572b5734317a3755362b715764764a502f414f68374b396a682b5651766567686645796169696967734b4b4b4b414369696c5872787851416c445a5a6474584c477a6b7672324778672b2f4d345266784f4b39492b4933675778384a7832647a70724f79535a5239357a387748556657716a4674584d70313451714b6d393266496667574754512f6978347a38506e2f553337576d74784c32426e6a4d452b50724a41702b7072364d384a73762f43536164356e384e78482f414472775734686b742f6a6a5a3345654e6c3534666d6966317a4463786b662b6a4458723972645357643146645266656a594f7631427a546c75524750755367764d2b323963306579313353376a53627a6c4a6c32377651396a2b46666d443438302b62774838596445385454445a4871444e3463314830334f544c5a7948365342346c2f7743756c6671565a3373657057634f6f512f646d51502b597a5878642b315a344750696a533953306e542f414e3163366c5a2b62412f393234684f2b4a2f776b5244585655696d726e7a2b56314a71626f762b6d6a36622b46757452367434566874393337367a2f644f76664838422f4b7652712b432f676e385650746d6b365434386a546242713972484c50463665594d7550716a37735639775875713274726f7375756666686a693833356534786d6e6836756c70474750777a6855356f62534e4354745838386e2f414158342f5a46583469664266547632717643467476316a774a2f6f757262427a4a706b7a2f664f502b666159352f33486630722b685378767258564c474855724e73777a4b485676593167654c50432b672b4e50444f6f2b456645397374357065713238746e655150306b686d517049682b6f4a727070564f57616b6a7a716c506d5468492f6a6c2f3449352f746b615834467439632f5a752b4a463335566d504d316e524d386e63502b5075325165722f4c4967396439667a6b2f7448654d74612b494878723857654d4e637470624f66564e587537787265554657547a70336341673835326d76715439706a775834302f59542f6261313777446133445063654164622f304a314f664e74654a49742f715a49485550373572394a763233506837384f506a5a2b7937656647757a7449786632576e5261745958753345766c4e734a6963395343446a427a676a69734f536e6763633679576c533379662f42506e35526d3475692b6a5077502b4476674f362b4a6e784b304c346632714d3736786578577259374b782b632f676d612f744e384b3650702b6c366648704e695669747264466952636677786a43443868583835332f4141536e2b464b2b4a2f6a52716e7849756b4267384c3265324c642f7a33754d6f446a32514838362f70496a6a5a5769565273425562713876696246382b49564a64507a5a39527774687255705670646450754c796d54615a6c58354133336672563754576c686a646c544766766574584c654a56747a3567334e7532725530747179786f3361766d65592b6f502f562b4e3772784671306b68387962492f686f2f34534c566f5946335374565747796a32376d2b39566534743262614e75636539666b4b73667468342f386150446478385576424e37346475507675752b426d375378386f662f414758386134332f41494a4f334767616438597645756a3670477357717a6157507337503934434b58392b6748354d66595637687144517a534e442f414266374e522f73302b4266672f344e2b4f2b70664550784f6a4a714c57736c3759547449566a69654a44397247423164342f6e473733723161474b7468617442396476552b57346777484f3431344c56622b68777638417756532b4c6e3972654d4e442b44576e792f3650704d5839705871722f7741397068694d483652676e38612f6f312f344a612f73332f3841444f6637492f683753645567386a5866454b6a573955334444435334414d635a2f774375634f7766584e6679706673322b46377239754439766a524c5878414765303852613264527646622b4779742f3370543665544771666a583934646a4448464371787073582b4656364165672b6c6578556837436a44444c31667152773168756572504576706f6a7450436669522f434773526130793730695537317a6a4b6b632f774478566532366c38625044747a6f635635345464726d57356a44784f56776f44444950763841374f4b2b532f474634644e384936747145664267734c6d56662b41784f61792f68633233345a2b4847623733396c3275662b2f53566c43625330506f712b447031616963317165322b456465683072785a42725772466e514d5764757079516561312f694a3436506971644c6178444a5a774e6c5662677366556a2f414e42727a64577a396170336c3561324e724c71463832494c64444c4b336f716a4a503543694d6e736a61574770756f716a3352343334626154784a386176456e6943546d32385032734f69572f384131316c2f306d35492f4f4650777239566247614454394268754c6c3169686874305a6d6273414258356466417578756c2b484e6e726d70664e643638387572335047506d76484d6f4834526c422b4666517572654d764547736158623650665466754c64517168654d3436462f7743396972684f7a624f5046594e31314733665550466d7653654a4e656e3159376c5232326f72646c4853756372443137784a705068797a69764e576b38704a7269473154316157655152786f50636b3174377564745a75563954304b6346424b4336433143306e345536547458462b4f76476e683334652b4439563863654c7031744e4d3065316c764c7156754e735551792f7743505a66656b6148435873304f7566482f54744e6a64582f34522f524a7271564d38704a6579694b4d6b6473787776747233465075312b54762f414153323862654a766a746f2f77415350327076466d354c6a787a346a4b5773546638414c4730736f78484245505a412b33363572395830363155315a324d4d4e575657487456737957696969704e776f70767a65314f6f414b4b4b4b414f73384278724e347930324f547035342f537659666a5a4e47756b324e766e357a4f7a6266594a2f38415872352b302b2b75744b766f39517444736d68594f6a653472523851654a4e563854586e32375670564c68634b716a41413968576b5a3254527731734e4b654a68563649384b3172554959666a526f4669572b6562534e516238466c746638414776574b2b446669523855725477352b3339384d2f687a6466387876777672477a6e70494a495848487549577237756a5a572b37557a56724854546d6e4b5337503945665348776f385a5773756e7034583142396b304f66495a756a4c366655567a76786f3143336d31577974626439307475685a7364736b592f6c58693674746f5a7431563753584a79484c444c3452722b32542b523431384b2f2b4b663162784a384f4147574c534c2f414f325761742f7a3633325a30412f32556b3835507746652b772b494e59693031394657356462522f76525a34727754784674384f66467a7735346b69334c44725545326958507035672f306d324a2f464a552f477659616d54366e5443436434506f657265416669412f6875542b7a64534c505953742b4d5a395237657131394b574f70616672466e397430755a4c75486352766949595a4842475233422b384b2b466138762b477574616c7076696678723466745a35595574395a2b304b7362454446336278793976397350576c4b724a49383747356247724a5367374e6e34462f38484b6e7746302f53766a4e34562f614f384f772f4c72466c2f596d727567344678623565324c6e314d424b66384146666c4234582b4e33696278422f774145392f454877723075476537764e4776344c4b646b557359394f6e6379687a6a2b414f6a526c753252583956662f425354344a4e38667632502f4776672b33547a7453744c582b313744756674466e6d55442f676142302f477634392f324b6646586937522f6a4e2f7768766739476c66786e6153614d36396c57586e7a53502b6d61627a586f796e477668755a713769372f642f77443548504d762b71346d6d34666158343748374e663841424d373456782f446e396e47303137556f3269762f464677645266634f664b2b3541502b2b426e38612f537948644c6e6c6a742b56613550537446732f4466682b31306253346c533174344667695430574d414166393869746a54374f387576336c752b506d44664c3172345445566e5871797176717a362f42595a554b4d4b533648666162446346573834375176336678725256576b595253664d772f6c56617868614e6d6a6d2f77434265744e38786265386e615247473964673348386135372b5a7461352f2f3962347a2b31527878744a4a3872566a2b597262706e62642f73316131425763626a39336457624a61787952376c4f3746666b555439756b6333634e35616d654d35782f6572426c2b452f6972343354512f4450774f472f7462563979573771636251736279534f5436434d4d472b754f39644a63574d6c34786a6b58436678562b71502f424c6e34547271486a7a582f6935645172396e30654a6449732b2b5a7038537a6b66534d496e2f417a585a6876346966597772515652657a373648776c2f77514d2b44636d7166476278683859722b44436548744e6a3032426d48536138664d672b6f6a6a32312f57424375467a5835392f38452b2f32663841522f6754344c3861727047316f7465385a616e65774d762f4144776a6c387149443247487239437139374531506156577a6e7966432f56384d6f656266346e6e50786761535034532b4b57692b2f384132526562667159487265384432626166344c3066547a2f7977734c654c2f766d4a425748385874712f4376784a6e2f6f4633482f414b4b4e64787038666b324d4d4b2f77524b50795156485137332f452b526372782f3438586c3346384b39553033542b4c6e57504b306d44623133586b7151666f485a767772324376472f69522f784e504733676e7732722f77444d536c3153566656624b33636a2f774169534a52454b7677733965746257337362654f787331784462714552665256344836564d7a6e62394b616e3361357278743471307677503454762f463273626a625745526c5a462b3878364a476e71586368415055314a6579506a5834796170715878492f61302b472f77414b644d6e78706e6861366b3852367369394a4a6f6f44396d6a4a2f365a37784b5639536c66654364462f774232766a4834472b4637372f686232713639346b327672466e706363742b7939426561704b62695242375277777852443246665a7166647253707662736365446d36696e563776543051356d376d7679722f414f43676d6d2f454839704c554e4e2f59782b46732f32433176664c316678687137412b565a366447637852482b2f4e4f345a316937684154785836532b505047656d2f442f776a65654c4e5552706b745647794250384157545373646b63536637636a6c5558363134684c384e66466d692f4148785634753163716457314a543976756c36533668664f6c7448464836694d4f714a36496e765634646539633563347850733658736f5057583566316f5966374458776c3066344b2f73752b452f412b68372f4946764a654b302b504d503271523563766a7667725831347564315a756c61586136487074746f74694d5132635332364c2f737841495030466171726a6b316a4b563232656a68366170306f303130512b6969696b614252525251415555555541465179664c7a55315635576a565761344f784238786230486567442b642f384162443864654c7644662f42576a3458664543367462686644656a58646a34665737782b354d3930484d38572f70764175554a553952394b2f6f67682b5562665435612b4666694a384c592f4533374f2b736135347773316c756462647647566d7a674578734a66744e6e496d656a704847692b3353767553336d697572644c7948376b796956666f777a585458326a62745938664c4b33744b3161563947372f414b463669735078424a72455768336b336839456d766f344765336966704a496f7945502b2f302f4771766848785670666a50777a59654c4e484c665a74516757644e33424765714564696833416a3142726d5058767259343334335763306e777a314c574c454e39723054793958743976587a4c4e78502b7142682b4e656d574e35613668617833316f32595a304573546571734d6a2f414d644e4f75725731314b336c303238586444634b59705639565959492f4931356c3845626961543459365059336d37375270714e70737537727574486533352f77432f597175686e745539543164766c36313470345a6a2b782f484c786662342f342f4c44546272366b4365492f79577661582b375869746d306b503751326f526e376b336871316b2f474f376d48396146314b716448356f39577672654761466c75455752473464543342366a385258386566776e2b412b712f732f38412f425372784a34667462487a64463848366a4b30377638413873724c55484564744b50596563692f544e66324e4e6c686976695878563841664275732f7446654c645776493146333852664273656c764c3647796c497944366a7a6f582f3442576c4f72616e5570765a7178773572672f724370767246706e6d76396e77665a7a622f4d2b666d54706756723654597659323665587a37395078717034467648316a7735593365754a73764930386936527530384a4d556f2f77432b3061753874644f74357045334e776a666539712b4e6b755232593733567a466b6875706f74747556334f682b61744454644e6b4d497464515658614c35642f7257396132766b37326864582b622b4830712f4a2b3779547a2f7464716d49482f312f687361786166367432566933754b78623756644a6a334e4a4e4648383333575944422b6c6534442f676e723456507a4b7437387638413033502b464f622f41494a2b2b47326b334b4c306639742f2f73612f4e763750387a39582f7469503870382f2f77427232634e7139784a504538614b585a6c595a77764a722b6b76396c3777622f777a2f7744736c36626436776e6b33304f6e546135663775763269634763672f3767324a2b46666a4e34422f344a2b2b45627a346f6545764474796c314b4c2f5649326e337935486b572f77432f6e4a474f6d784e762f417858394133786957505550446468344e2b352f77414a44716c725962462f3535655a35736f2b6e6c776b4e3961326f34565535626e566873543757395732694f792b4666687476435077393062772f4d4d54515763666d2b3873673879542f77416663313646586e7678533852586e68763463363534693030374c6d337335576762306c5962492f38417838725863574d4e7861324d46726450356b73635378757a643241414a2f45313078376e637450634f462b4c772f347454346d62303075362f53493132326c79656470734533392b4b4e767a514775502b4b304d6c31384d66456c74443939394a753158362b512b4b325042643231373450306d38623730316862794e3954456871767368792f76506b644e586b636974666648614a563554537644374d767331336367662b6751563635586a2f68574f53342b4d486a4855475a63517861625a72366a45556b702f5752614f6a4856364c7a50594b2b662f46554e35385476696c5965414e4c5270374477395046653371727a3574362f2f486e626a313876506e4f50587936394b2b49486a4750775034596d31714f48375864753632396c6172316e754a547369692f452f656273674a3756394666416a3453782f41623457332f7852386650397031613073376a5672696478676d58797a4c4c4b6664794e714c2f414149414b316f77757a787335787170552f5a523366354878373846374734613438572b497276615831447844636f724c7a6d4f7a78614a7a2f327a4e6533563537384b64486d30483462364a7074312f7276736363732b3772357333372b54502f4133617476574c58785234783179772b465077386d2b7a61377269742f70574e7773725350416e76434f2f6c3543526a2b4f596f4f6d616957736e5937714d343466444a7a32534f6138422b414e572f61562b4e486b326534654666413978746c754f7179366952734c6a2b452f5a6b4a52502b6d78632f775639456674566632586f383377382b4350682b50797261612f6c317534526638416e6a70736679462f5866637a493237314665345776374e4867667776344a30667770384d376d37384b336e68364c5a5961705a4d44507a792f77426f44376f37704a443838695441676e6b62447a58775062363938532f48483751486a585650696c4e7031336365454768384b326c7870617952775369494335754a664c6b4a4d636a7954424a5542494254414a4664584c79303230664b5961704c475978536e2f5350554932374e546e2b3755617469704e3631786e327736696d373170724d437441456c464e56732f57682f7530414f6f715063323746632f345a3858654866476d6970346938493330476f57457a79496c786274756a59787559333245634542777733446967584d6a6f6c625031727a2f414f4930576f61746f5550676e513332616c3470756f7445745376554e646e59372f3841624f487a482f4375385a2f6c727776522f7742706e396e7634632f477a552f466e78533851524a2f77676471317661616261677a33633139636f444f3467546f4949434533794645426b505046584346335934387872756c516b3437374c315a396b66746466443353596668516637486a574b7a73394c6e30745658674348374f55692f494462587a62384a39515857506862346131634865747a704e6f2b37726e4d436331784631716e3754763841775578384e366b3064744c384e66677435456a4c456e4f70363879676c49767448796943307a2f725443767a2f635352786b31742f414f336a7366676a3451735931776b476b577353723642597750365630346d5075493850494a2b394f4859395375727131736265532b764838754746544b37743256526b6e38414d3138682f7330617a34713033554e52306a78632f77446f6669325766784e6f63573361494970704d79326e31544b54443138782f53767058582f43736e7850316a535067726237746e696563706673435159394f67784a65506b644e34784370395a4b7566744b6642665876683361772b4a5043614e4d4e486e476f366274372b55434a4c5a77502b656b4f364965764236697371644f38476475507a42557354436d756d722b5a304c49647631727966346173316a346b38592b485758433232736d365166374e354248502f364876723062526459303378466f397234673061547a724f39695765422f574e786b667031393638353064685a2f477a78446141722f414b5a704e6a6462652b59336e6750386c7246624873546166493065754e3879377138635a647637516b63692f774166686b713334586e48387a5873475772786d333354667446586a5934742f444d4b37766553376b50394b61366a71374c3152374c586a76785756644c314c7776347956666c302f56343757647653472b42746e2f38664d5a2f43765a3158484a727a7a3471654837767852384f6462304f784f4c6d617a6b613362306d6a486d52483848515552484e585452386d2b4b4e4662777638594e65304835597262563158584c56663971543931636a384a6b442f774441363072653673305951695652755937766d41785852664654775834542b4f476a654176694a72425a4c583756423537784d5979494e535152506c78325363786c766f6139776a2f344a6c2b45784a6d613276442f41417475756e36313539544b716c65626c545a34754c7a436c68366e4a4e62366f3848687572486c6f355532703935736a414876564856664657695763614c64336b4365623832356d486670583068622f7744424d33776a477a4c44446542582b387632702f35564a4a2f7754483843764835636c74654c2f774276427159354457376e4538376f655a2f2f304f772f3461653848785237706a4c456476335768352f5134726d357632744e44334974745a45622f77434f554141665847612b47646175764d756a74355863617731586474686c64516e336d39674b2f4b493469712f746e37424c4c364b3648376c2f735661392f77414c6d3866616c38534443715776686d312f732b4c627970754c776953516734484b516f672f344858322f77434a496f39592b4c336866512b7136586233657279663732426252667249374436563450384173412f446c6668372b7a506f63747848354e353468336133644b33584e306378672f5345494b2b67764362663274385676466d7359794e4f6973394a527664554e7a49502b2b35682b5665785276796173326f5556436b6b75722f72384378386139762f4141712f556f32364f31756a66513345494e65757a663636582f6650383638692b4e2b662b465336394e48387a5739754a2f38417631496a2f77424b3961387a7a6d4d692f644c62767a3572586f646a2f6966497876456c6e2f61586833554c412f38414c78617a5266384166555a483961356234533376396f6643767731665a562f4d306d31334d76636949412f714b39456a525a4a456a6b2b36574374586a667746622f69316d6c36656676616339785a4d754d593869346b6a782b516f364366786f396766377465562b41346c506a6a78746462666e6656494976384176335a77592f6e58716a2f647277337764704f75654f50696c346a2b4550677135613331505739584d3931644a796247785730746b6c756639382f3671416435446e6f6870783130526a696130615565656579506f4c34482f43302f4776346b4c3853504543622f4141703453754a494e4e69626c4c7a5556796b7477665747312b61465057546565777236632f6138314a4e462f5a76385652422f4c6b314b3369306d50622f66765a3437666a38486176635043666866772f3446384e32486733776a624c5a366270734332747241764f794e5267442f41476a3359395365547a5877482f7755732b4e3377782b44767769304762346d61355a36505a76346f30353768626d516559496f544a4f5349686d513878674c684f7542586f51584a6f6a345365496c69612f50553676376b634e726d7236503452306562564e56667962537a554c386f7954305245524279586337555256354a49417236332f5a722b4465716544374f372b4a6e7844746c6a38566138675237646947466a614135697330492f6a7a383977792f666b4f4f69437678542b46762f42555039675744584c54347666467a7862504d2b6e536d5851394273724735757049577867586c3251676a2b303450376d506552434353535a4478367872762f4278462b786a70307a78364834623858616b714e7456317437614548332f41486c786b663841416c716147467162386a2b343638337a576e58667361636c794c7a332f77434166746438582f695a6f6677642b472b712f457a583138794853344e36514c3936655a6a736767543165615171672b74666d6238506446314c512f442f414a6e694b52626a5774536e6c3148564a562f3561586477356b6c5030424f77657746664258784f2f7743432f7637472f77415750436435385038417835384a7645757461506537664e743535724a515370336f34496b336f364f4155644343434d6767313877663850635032586f4a41766832312b4a326c32794c74454678506f2b6f34394d53584b65642b626d756974684b303432532f4d7979724d384e68704f552f77414776387a397a504d57716570617270756a36664c724773584556705a77726d57346e595278715055752b4150784e666a2f414f472f2b43726e37472b6f794a4834793137346e57635a362b52702b6a722f414f507746332f4a612b7750682f38413846422f2b434d4f71794c2f414d4a4a7156356558622f4b31783479302b397644794d482f57696145442f635156792f5571712b4e50376d653155346c6f572f64712f7a582b622f41434f35384f2f746466417678683852626234592b454e55665537323563514c50627845322f6d4d6a7949676b4f4e2b516a2f4f6976474d594c676b5a2b6d4649627658786834613050384159663841695a2b306c59664654396a582b7a726e5366444769537858552b6b4e4c396b4635665359534d52536351795232385a4c4b675469515a4853767370475862585056696f7a736d656e674d5455784650327331627357464b725147334d75336c71352f7842346e304877725970662b4962744c614f52746b57376c705750524934786c354850384b49436661765250412f3750384134342b4c7970666645694b36384c2b466e2b622b7a6c627974527645394a796e2f487043653649664f636345786a696c43446e735047592b6c686c656f396533562f31397835723466385036723861726a554c5451626c374477666f367974726d75514842595167764c61575439354d42684e4d76454934473654376e6d66374e2f686e53764350774c384d614c6f3175747061665968644a41765252634f5a38632b6e6d59723943503270727a5350684c2b782f77434f5a50444d45476d32656c65484c693374594c64524848457369655169496734412b657669505666453368503458654135646338565830476d61546f4e6b70754c6d633759346f6f554179542b474e6f366e6763317457696f775352356d55346d706971307174546f7446322f72717a5538592b49727a51644a513648626662395776353173744c73762b6669376c34696a39687535647579416b394b782f674c2f7741456c5041666833564c6e78312b303172432b4f76454f715474645836577352744c4f57575135667a4d4f5a3530485149377048674439335879483846662b4371582f425076777a72557678772b4b486a4365353155704a62364a70566859334e30316a6273635353794549492f74567946472f613337755045665866753951317a2f67346a2f596c3032346c6830585176462b71496e335a56744c65454e39424c63672f39394c5852517739524c34583978343262356d7139546b684b3046353276352f3548376f57756c36483456384e6a54644273344c4b78302b334b77323843694f4b4f4f4e446845524d4251763930562b532f77414b35374f7a2b457567586c784b6b4d436158464b7a75514652664c336b6b396742387a653166467678412f344f4f2f32656272776e71756e2b4666683134716e75376d796e6967615761796a416b6b6a64454a7849375979666d787a587856702f2f42577234416152716e686a774a72586876562f4533676e51394e7466742f324e6f6f4471463144476d49436c77516673694f4e7a35775a69414d43504f61715957744e4a4b4c4a796e48304d4d716b35746262583350365a2f3256664173313944632f484c784a62744463613146396e30614b5545535136646e654a4368365064502b385063494977612b715046586858522f46326879364e724d652b4b54356c627572446f52376976775630662f41494f4b2f77426b6536594c712f67337866596a2b3873646c4d422f3378634c58305234522f344c702f3841424f767856736a31447850716d684f2b4e333970615a635267665634764f48363170374770425735583978353154464b72556453636c642b5a4a3458384c3670384a2f4657742f4176577556304e786436584c326c3036374a6549702f7742635a424c43337067567a62717350375154534c393634384d6a642f327a76446a2f414e4461746a342b6674696673652f46625376446e78712b442f784a3850617a6465483778624b3974344c714e62695454373530696b486b53374a6a354d336c544b75336f48726d644c755676506a357131786e50396e364461577265676161346d6c2f504343754374473072397a37504b73543765676b39303065355635526f6532352b4e58695364662b5862536243332f37366565537655764d2b57764a50683774757648336a6e56527a6e5572657a56762b766530545035475271776a4939657030586d6577686974524c4e43325747325149647271707a30366730383944586833777a316161362b496e78463061513553793165335a4639424e5a514f6631464170506c614d5034666148487233777631723454372f4a6d305338753947696676475935504d744a50774478755070587250682f2f677056717a654637432b313777396454586b73586c33545152786c526352487935302b2b447849473631343134667647384d2f744f654a5044636832772b4a744c733957673935726347326c2f4d42445869757561573367723430654a50444d66467072573358724e4f67486e2f75376b44365470752f3448585069366b3655584f44736562697348537132645658746448366565462f323764483854615364576a6861305a484b50464c415177492f7743425972744c5039736a7731644e746c33493233642f71547a2b74666b3362366b7364774c535274767a664e3272706d7549315958554a2b54377131354d6332784b2f7743586a4f4e354e687635442f2f522b435a7270664a782f46752b3958522b412f423935342b385761543442302f2f41462f694339683035575871424d34446e384533742b4663686457386a4d706847384835712b2b762b43645067647646503753466e726c796d3633384e616450714c6366387470663948692f4c65352f4376796569756161522b313174724c71663045614e70646e70746a626150594973567462497345532b6b616749672f3735727a7234496d532b384a336e6961513562586457764c395739597a4b59342f2f484931727266485776522b4566416574654a6932427074685063666a4847535031323144384c64426b384d2f446e515044387645746e703045542f414f384977582f557458754b5075476b6c37795336467a3468614e2f776b50674c572f4436726c7233547269414c37744751502f4142367076416572523639344a3066576f6d334c643245457635786a50363131546252686d47517465526641356d746642482f434d79746d585162323730742f70444f2f6c2f38416b4e307175672f2b586950585762356369764b66686a747362377856346648336250584a336a482b7864496c796e2f6f78713959727950543550374a2b4e4770574f4d4457744a67753139354c535177502f3434365564475450644d396166377466466575667473664166396733342f654e4e633856616665616e34763862364a706257476d3243344e33396b653652336b6e66397a436b59326232626b6a47454a7237516b6635654b2f6d332f344c42586b6e68763841617138436549704533704e345a75496c5850557833427a2b5738563259436c375372794d386e69445441796e626133356c7a39736a2f6772742b32463858456c306e51764566384177676d6c5862454c706668776d4b517866394e62782f38415358502b343059394258356c2f443334432f744566744a5453654d50426568587574724b35523957765a517173652f2b6b584462332f444e665076693757727a564775745176487a4b364e2b4848414830722b736a396d5053394e38502f4150776a70656e7872464646706344625648424a51456e38612b7468527030724b4b50797574694b6c523262507870384e2f38457266326b4e59564a50456d7236486f36746a637253543344442f414c396f672f384148713951682f344a412b4a5a46335833784374552f764c4670376e39544f4b2f62357271504e55376a55466a57747661737a396a356e346736702f7753486578745a64516c2b49716849554d6a6272414159417a31383676693254396b3159522b373852762f774b31542f34757631382f61492b50582f43517a532b4366436b332b67527474754a5550384172694f772f7742676671666176693638314c6b7257693157706c4f4b577838675848374d46394878626549465a76384162746550306b7248755032652f47746e7a59366c5a5847332b46684a4566384132657672716255467248754e553231566b4a5850716e396b5839737a345a66735566416d4c7766342b384e6135646178714f6f7a33756f58656e4c424c6137704349346835727a4951424769446c427a6d766166446638417756716b2b4a33786c384b2f44665264455877703466317a563766547233563775524c71366769755a42454a493442694145457239396e4139445835652b4a627a375a705631596e6b5451534a743667355169766948513955764957302f554c575a6f5a30386c306444686c6b556767672b6f5941723731354e584b4b4d70756276646e3056506950463036436f516153576d69312f452f30747668762b7a2f4150445834527a6e784659327a336d7346646b7574366f336e58545934494572674a475039694549506176596f4e5573626d5479374f34696d647634555a475035416b312f6d332f4142382b4e6e784f2b4956314664664562785a72666950554a57337650715637504f66546f3737426e325556387a72346f3162543568643666637a7754496371385572717749376767716135566c565272346b5a504d4974336432326632726638467950327974632b437677733033396d6e7758426274716e7845733769572f6e76464c65525a57386b5977696366764a70746f44743977416e4763562f4d352b30352b31312b30522b33743432747668623446306134476a324f4a30304f77506d356465446358637032492b44397a4f3145375a666d76684c3469667442664672346733316e63664562784c7158694f353079772f7336796c31536437686f4c667a432f6c78764953636279787753612f55622f676b724870762f414168506a4c78426857765a74556874336638416938754f414f426e3079374775756e676f77555a3146716a4b706d64564b644b69374b52345034642f7743436366375575755269545766374a306457375856775a572f4b4a474836313652462f774145752f69577365362b385861576a626675785153742b70497239716d314162613548582f46466a6f2b6e7a366e714569777751495864323641447658647a6e6d386e39342f436a346a66734a2b4c50687461773668726e694b4b5747642f4b5672654564635a35446d76474a5067526351394e6559342f765736663065767544347a2f4743362b496d764e6371575377743869316962735037352f326a2b6e53766e6d38315265352b61746f78303934682b52346e4e3849395568586444724362763975442f435373476634652b4b4c55626f6236316b322b30692f3431374e64366c7546633764616c547368486875736144346d74595762554c587a30326e353764684952376748423439712b6d744c2f77434367583755326a2b4e726e346e65486646732b6e336c3744613239786278596c745a56733442424876696c42556b674d7a4867354a3572792b387676377a5638372b49747965494e5357503555646f3348706c6b352f55567a31734e54714e6530567a7177324d72554c2b796b3136483955333741762f425553312f61613859573377562b4b6d6d526154347175346d617a7572496e374c642b574d756d783876444a73797747346f63484248537630732b4139314a716e68472b3854536638414d6131652b76523771383553502f7878425838562f77437848343075504158375433686a786c44387a616239726e5836697a6d412f55725839756e776b384e7965442f686e6f486865622f5757476e7751532f3964424743352f37374c56386e6d47476a52713270374d2f534d677a43726936583737566f394766377465472f433354664a386466454c58464f52653635476e2f41483473344979507a3356376b306b4d612b5a63484561664d374e3241366e2f414c3572787234447954617038506f2f4656306d7954784265585772626638415a754a53592f38417948737267506f4a3679696a7944396f613662776a385750683738526f646f435333656c7a6e315752456e412f77444962317366744b615846427065682f45323336614e65434334646539706534696638456b387036622b3248597874384a376678455679326a61765a5857373056705049662f414d636d72737644746a612f466a34487965466453663841342f374b58533557377132444744395277314653436e477a39444f61764b554f35383233556a504e7450336a3874534c64795275626554634e74634c3446316954572f4463463172444d6c3947707437704748496e684a6a6c422f3447686175716e756a504a354d782b586274336653766a4a787333426b516431632f394c345473377947473054732f38414637562b30582f424c58774f746a344c38576645695a5733617671533245444e2f774138724f50353848336d6b6638414b767765733963574e58754a74776a6955757a6473446d76366c2f324c2f41306e77392f5a683847654837704e6c792b6d72653348723574325463506e2f767576792f42773936352b317831714c79314e4c39714c55477576416c70385037567639493855366a616162743959704a30387a394f4b2b6f7874336e792b6d37356670587770342b316866466e3755586733773672626f644e31457674393761336b6c632f39396c612b356f7675563638394c493067377a6b5356347634563361443859504650683651596931574b313175333979552b7a5847506f38635a50317232697647666949763968654d76436e6a7a377151336a6152644e32386d2b4143452b797a70462b644a64554f70705a396a326176472f69644e443466385365465047307a374972625576374f75472f365a61676e6c4450734a68465873532f6435727a3334736546626a7870384f6461384e574c6262713574582b79743654782f76496a2b45694c53687546534e3436486666772b687235422b4e58374766776e2f624d2b4d476b66446e346c517a78584e78346131502b79622b31625a4e61336b4d6b456b62676e49494f396c644370446a495062483064385066463048784138433650343274656d7132636479792b6a4d506e4834507557747a772f71456d672f7443664458576f777637375572765457622f7236737069502f48345257314371366452545851382f4e6f4b7067716c2b312f315034472f462b6b33326c79336d6a366d717263327a533238717230456b524d622f414b68712f71512f5a5a38554c7258374f2f677255465033394974312f4549416635562b477638417755652b463766423339747a346f2f442f597152512b494a37793356654235463769376a492f43624666704c2b774834342f7462396c337739626c2f6e30337a624a75662b655568782b687237576372325a2b517a687956476a39483574573272755a712b4966326950326776736133486750776e4e746b62354c7934513942336a512b76716677724c2b506e782b2f3452577a66777634626d55366e4b763731782f7978552f2b7a6e2b4830362b6c666d377148694235474c4d2b574e61776866555570324f30753963575437782b37585058577366376463466361306476337177376a57766d2b3957356b64374e7248385736735336317233726835395a393677627257473961414f75314c576c6a74355a4e335243333656386c324d6d3353344a6d4f3345537675394f4d313670346f31707266516236367a30676238794d43737a345a2b4262723469654f504433773230384d303275616a6161576972317a504b6b52782b444773707a736d79756839766643482f676d722b307a38654e4874764732722f5976446468714b4c4c412b71467a4f385a4844693369424b676a70765948327231483467663841424754342f61487063742f3454312f534e5963446373453863396d7a657764316b542f647a58397833675434532b412f687270734f692b466450696a467369774c4b3433794879787347585030375636466357554e31436261366a53564438724b514350317277503753717655397147437057567a2f4b5a2b4d58777a38626643587870662b4166694a7030756c617a707a424a37655842493344656a676f53485277564b6c5467312b6e582f424b6a5846732f43486a4777623777314b435838344d663072366f2f7743446a623445364c384e2f7742716a773138515044746f6c70592b4c2f4467334a454d4154324d3778502b615352394b2f4d722f676e6638514c487776346c3855654864516c57466275434736526e4f426d49756a6a386a6d7658552f61553453504c72306c437079483731336e69534f474d794d36685658637a6634312b6376782b2b50662f43595852384e36444e2f784c4c632f4d792f38746d48662f63582b483836347a34796674465365496f5a50445068695a685a66646e6e58724c37442f592f6e5879526561777a39363267757045333052324e2f72586d4e74726c726a5647726c354e55352b59316b334770667769746559794f686e3151626d7247754e5133637161784a7237646c6d72496d767476656a6d59477064586d37356d4e655136744c396f3153396d2f774270562f4a4258595846347a6436346c5a462f77424b7647364e4c496677586a2b6c5356452f634c2f676d763841735a2b416646487733384e664844784e464c643639346b3852745957534f324959624779506d5845675164586b3876597850514841722b6f4b46443937317238366632446668587158672f34572b427248566f504a6a384d2b46344c64465047627a5554397375332f7743414959347433726d76305a2b34746643347573367456746e36396b75456a527730456c7130722b7655386f2b4e57705869654358384c365378545550456b38656b57705871446363534f503841726e447666384b394f30335437505364506830765455387132746b57434a463752786a43443868586a656733456e6a373473582f4149692b5536563456575453374e75306c3549464e3349442f77424d307843506666587546596e704c56742f49384f2f615330502f68495067503474307466762f77426d797a702f76512f76522b715635682b7a44346b54554e507639485a76395a35643746394a4141662f414757767154784e706365756548372f414557595a5338745a72646c2f774375735a542b74666d762b797234676178314477334a49646f75374e62562f7273782f4e4b7265444d3561564579393851744c2f34517a3435654a4e4456646c767243786139612b6d5a7633567742394a6f392f3841774f716364784a6e3934326139692f6132304b537a75504358784774782f7835587261546462662b654e384d4954374364452f4f7641354c3653314730666461766c387a7032713337676f326269662f302f7a6e38496546376a7856665748686d5035707456756f62434a46395a35556a7a2b746632484b316a34643055743979313036444874746947422b67722b573339694851342f463337543367485332547a557439514f6f76366262534a35522f774350374b2f70452b4e57744e6f6e7730756f59327739357474312f774342636e3942583578673448375a526676546b664b4877627547385266744e574e394a7938656c3668657433356c6b686a48387a5836534a307238376632586264726a3433617a655934747442696a48316c7558502f414c4a58364a703932752b703859554a62767a4856772f784b384d532b4e664165722b466256746b393561734957394a683838522f77432f675775346f342f682b395537616d7a7331593550774e346f6838626544394c38587844594e52743435325275717352383648335239772f4375732b5a575751666558357138582b48612f3841434b2b4d7645587737626946707872646776384130777643664e5165306479482f42785874464b556453616275745478483450322f7744776a4e3134692b473762522f592b7153584671762f414537582f7744704566486f484d71664c3656316e6a6d3858526453384b2b4c4766596d6a2b4b4e4c756e624f506c4e7949482f41456d726d2f47436a77723853744238645a564c532f55364466742f3131506d576a6e2f41484a677966384162537472347561572b7366432f774151574e7576373857556b38482f41463167486d782f2b506f745839704d3536304f656a557065545078422f344f4b2f672f646545503272764433786268544674347738507262732b4f5074476d79474a786e314d4d6b54562b627637486e78386234622f444878423454454c53334b33356c74577a38716d56426b762f414263645274722b6f6a2f677464384b3476326d502b43644e68386466447348326d38384a7461654b6f6d546b2f5937754952336e34424a46632f376c66785a2f44335547306678526436653353386744722f7652482f4131396a6735717052692b782b51347946716c7a36323162784a6361686453586c314b3073306a6c335a6a6b6b6e7554584b3357725678743171636d3767316a7a587a59363136504d634a316b6d714c57524e716833567963326f4e57564e7154667855536b42314d75704864747a7a57564e71585a71355758552f3971732b625547445a3355637a4174654c4c385461576c697633726d654e50777a6b2f6f4b2f54542f4149492f2f433262347366384643766835612b5676747442757066454631786e45646c47585438354851562b5439786366624e61686858377473686c62367477503033562f57482f414d47347677466e582f68502f7742707a56345755503558686e5457626f6345584632523944355356773432664a536b2b2b687251687a795350366e376457574562757454384b4b534c37713036766e7a36486d5a2f4e6a2f7741484b48776875504648374d506776347757614d54345338514e5a334f30644964536932416b2b676d6851666a5838585077307650374e38615451796638764675772f465344582b6d782b335a2b7a2f482b302f3841736b2b502f675a4750394c3176535a667354597a6937677850626b6639746f314834312f6d4d336b4e786f6e6943485572714e6f6e74356473714e77552f67634836643639764c366e50537432504d78384e564d2b6a70745533664e576263616c38334e63724e656e647433316d7a6167323764586f6e6d485554616d7530316d5461687a584e5358324f39554a4e51422b5767446f354c3735617a5a4c7a746d734b53382f68716f317a2f41424e5142727a586971706b4c634435767972712f677a34423144346d654e7644487738736638416a343851366a62326137526e486e796a656677517361387476473836332b7972316d5952442f675858394b2f58722f676b50384142397669422b316a612b4d5a726666702f676d796b31466d374365516552626a3638752f34567a347574374f6c4b666b646d436f4f7657685358566e395a576c574e76703172445932763841716f454553665252675678767853385a586e672f773573304e5074477436724b4c445362662f6e70635344676e2f596a475a4a443251563354585672703969393565534c4444436864336b4f4656564753536651446b3135483850624f34386465496e2b4d3274517448484e42396e304f435867785762484c7a754f306c30634831455951657466435237732f5a367375524b4d4476506833344e732f682f344c303377625a797463437767456254734f5a5a447a4a496664334a592f5775306f703233356431574f4d4f564a4456625a4c462f766a2b64666a7238503768764437426c487a6158716c784636663669376b4666734e4a2f6572386a6455742f73506a6278567036384a443467766c56665a70424a2f375057744857356e586a384a2b676e783538507434332b4376694853394d356d6d734464572f2f5853484678486a385546666e314a71466e71476d323273573671596231424f7533734a426b562b6b507770315664612b482b6c5864783837434152502f327a4f776a38712f4b6472432f3046722f7758304768333931706e766947552b582f414f51796c65466d314c33552b7a4b33615a2f2f314f4e2f344a522b486637552f61557664636b58656d6936444d34627347754a5934682b674e66734e2b307872487a61566f7174305753346238666b4839612f50503841344a42364435656f6550384178466a377161665a6875332f4143326c492f6c58312f3841487a565037512b493178443274496f345078786b2f7741362b417755543972703655322b374e66396b39662b4c6f654b4a505453624a667a6e6e723941452b375877462b7965332f414263377855763937533748394a5a362b2f552b375739543479364f7a39574f6f6f6f724d6f385a2b4c482f4142544e316f2f78596947502b45666e4d562f742f6973626b694f662f76322b79622f6742723262723931732f774331565739737250554c57577831434e5a6f4a304d55715030645747434437454862586b76776c7662765334372f414f466d7353744c652b4747574b4a354f73316c494d326b763449504a66384132304e502b384c61587164353431384d57506a62776e662b464e53646f34372b4178656176574e757153443352774848754b782f6833346d755046336865473631364a593953746e61793153442b3763776e5a4b506f2f33782f734f4b37356c3356343172482f46422f456948784d33796156346e3875777657375258692f4a62536e30457966364f7839664c7039435a3254357a37562f5a4a74744c3861667375772f44587866624a6557326b76662b46373233635a5753474356346768396e6764507a722b47582f676f462b773938517632472f6a2f414858676538743362525a62695338384c366f772f6458646e6e694d755038416c70436838755a4f6f34666f52583976483749326f783654385176486e6757522f77446a38617a3851774a3753782f5a4a38442f414b3651495439612b6b506a6c2b7a7a384866326c5041632f77414d506a643466746645656958446958794c67484d63673653525349524a48494f7a6f775062705874594446657a57757a507a624e634a61704b6e325a2f6d652f384a6c702f6c6a2b30456c747066346b4b6b6a38484373434b7154654b74445a6a2f7053442f65795035697637635046332f42762f415073446138786b385072346e38506b2f7744507271526c583872694f53766e6a784e2f7762632f414f38447434522b4a66695777336664573874374f34412f49516e2f414d6572326c6a715063384f5745712f792f6b6679437965494e48492b5738692f77432b7857584a7256693266394a692f77432b685839576d71663847305675326637442b4d482b3739713064442f364c7536342b542f67326738574c2f712f693570624e2f7461524c2f53367176726c4c2b637a2b72566635442b576d62577450583576744d582f6651716d32745762482f52333835763452466c6a5839566b5038417762522b496a2f783966463354682f7561504b6635335172734e462f344e6f39446a6b7a34672b4d56773663664c5a36524776367958542f414d7150726c4c2b63507131582b512f6c522b482f684478523473385257756961485a76666178724e31486132746e454e7a535379455278524448556b6e3954582b6b352b78482b7a585966736c2f73782b442f41494532724a4a63364e5a4274526e54704e65544579334d6e34794f51505943766b6e396a7638413449352f73716673662b4e62503470614c2f615869727852594b6673656f363279466264794d475343336952493066425a51353345446f612f575a56436a41727a4d626956566155646b6475447730344e314a44712b632f32764a766a42442b7a4c3432483750367a6e78712b6d6d4c5276732f2b7445386a6f6d3950644153333456394755567848655a646a6258397470747446655362376d4f4b4d504b766551415a66382b612f67722f414f4333483745386e374f5837573270654d6644646a3558672f3469744c724e677941375937686a2f707476374553487a45582b354950537637364b2b6376326e5032562f67762b3131384e5a666854386374492f7450536d6c46784138546d4b65336e5545436543564f5563416c6534494f43434b364d485839684b37324d713150326c506b503877526279625430466e71675a536e79724c676b4d42307a6a6f61676b31577a6235664f5376374a2f47582f414162592f43545574536c755041767853316e54625a2f755258746a6233544c3765596b6b47667857764864532f344e6d64533362744c2b4d6342482f546652795038413043374e657648475566352f7a504a6c68717638682f4a584a716c6b7a63544a2b6456323143792f686d57763677502b495a337877477966692f7075503733396b7a2f2f4143545739592f38477a2b716273616c38596266482f544c52337a2f414f50336c56396370667a693968502b512f6b666138746475377a4d2f6e55503270533232494f2f2b3670502f7374663256614a2f77414730767737686b5276454878613153614d66655731307933695034475365542f304776637644332f42756a2b786e7032473852654a2f462b713756352f66323975442f3336672f72557a78744666624b2b7131663566792f7a50346864463048554c7a55495a706f6e3362746b45436a64497a4e774d4162736b39417138312f59312f7754542f5a5a7650326166674845336936322b7a654a2f45376a5564555238626f526a45467566654e507666375a4e656a65456632427632522f674c2b30317156783844664462526a77645a5236644a653338386c354b326f584f4c695230655573454d45506c4a7552526775612b6750694634713161786c745041506756302f34535457464c514f77334c61514b635358636739453652713333354d446f445867356e6a2f41477637716e736663634e5a50374a66584b322f5266312b427a2f69686e2b4c48697958345a36667a346630715258313656656b306f7738646744332f6865353942684f3572364356647463723449384961503446384e3233686e517733326532552f4f353353534f7879386b6a3933636b7335376d757372796a374343667850634b4b6473616d3046454d3333612f4a2f7874622f597669393434743933483974744c2f77422f494958723959356a2b375a712f4b72346d664c38617647716a2f6f4a524e2b647044577448646d65496a6f6a36352f5a7231527233776a6561537a5a4e7063626c2b6b67422f6d4b2b4f506a6c613347682f4862785a7039757549722f774379616f692b3830486c75522f774f47766f44396d5856504a38533668704f66384158323464667247663844586c3337596c6e4c592f4637772f716c7532503753305761426d39546233434f50306d61764f7a4746365530432b4650737a2f395836452f344a4251352b472f6a612b2f3536363342462f77423832772f2b4c72306a346761682f616e6a54566451375333556d3338446a2b6c634c2f77534e6b6a682b436669322b4932627645444e742f33626147744c555a6d754c79613462377a75572f4d357234584262483758482b45766d6531667371336e32623478613359482f6c37304f4756662b32567934502f414b485836494a3932767a422f5a2f756f39502f41476874496c622f414a66394a76625038564d4d342f51477630386a373164622b4956523266715355555555697772777634755764353456767244347a614843303032676f30577052494d6d62546e494d2b42336541685a6b2b6a6a7658756c4e5a64315248522b384a777572466579764c58554c574b2b735a566d686d5150464b6879724b77794344364563316e2b497644326c2b4b7443752f44757552656461583052696c544f446739776578485548735144586a2f41494453543459654a332b45643178705633356c3134656b626f49683838396c3959436438587243636677477665714e6d4a4f36314f562b423933346f38442f4142733845366c34746d57356d76507466686536752b42396f6a6d54375261536b646e4d6b47484839397a6a6769763177543774666a2f385349395154776a5072476a3776742b69764671317274362b625a534334414831434d7634312b746d67367a702f69545137507846704a3332756f51523355446637457142302f38414854585a687048783265306553737039312b5272556d4670614b367a7767704d4c533055414a68614d4c5330554146464646414252525251415555555541464e324c54714b41472b55716e464f6f6f6f41627357764d666a4e38534c4834512f44505750694e65522b65644c74793846762f7a326e593749496837795346552f477654324f316431666d6c2b316838554e48316634674a3458314b63512b487641434c71757150314461684b6e2b6a5259485577526c704e6e557953526a725554615375644f466f4f7656564e487a764a71762f414170377746464e34673336743468314f366b64346f50396265366c64755a5a416e6f4e3562357a776b597965425852664476775465654859626e5876464579586e6948566d575855626842387551506b67697a30676842326f76666c7a79545758344a384e3670726d7348346f654e6f577439516d694d56685a507a396974572f67502f54656268706a32346a4841353967727a5a4836445267724a4c5a6266352f35425252546d5862544e687446464641456376384171322b6c666c503853704e33787338635937616c4550797449612f566162356c7836312b50657261315a2b4a50695a3434317a543333777a65494a346c623138694f4f492f716872536a314a72374c31505a2f6762716e396d2f4572546478774c6c6d67622f6751342f5772583764336c326e2f4141672b754e77667439355a3776615732387a2f414e436a727a337754664e702f697a54627a2f6e6e64524e2f7743506976552f2b4367746e47337737384d587a4e6a374e346869352f36365739796c59593558684c304a6a384d6b662f2f5739322f344a4e586b4b2f416678307366337266575762623662724e442f5375695539327278503841344a4d3634306e674834716548325a544c473976656638416679336b6a3666564b396f38333556322f77423276686344384450327150384144587a445466453066676634676545664756776351574f737770634e365258535062762b487a6a6458374357374b562b5673312b4a507843303234316e775a716c685a2f386642743265442f414b36522f76452f38654666705a2b7a4838564c66346d6644505474535a3939776b45624e75366d4f515a512f774473702b6c62563174494b4c39357850704b6969697563364a4252525251484d634c3852504237654e76444d756d327478396a7634534c6a54727a47544264523878796a486f65434f344a42794f4b6b38432b4d492f46326b504e64512f59645273355461366a5a73636d4364526b706e7568487a78763064434350627471386b38632b47646173645754346c6541342f4e316932694556315a35324c6657366e506c4539424d6e7a47427a304f5550794f6356766f5a505238795058563235486d4c754838532b6f3769767037396a765776744877547466434e784a35747a3454764a39456c2b6b456d5950774d447837612b50664376696a52664757673233695477394a35317063716475346257425534644851386f3645465851386767697658503263504555666858343761703454754474742f47476d72653236397674656e664a4b5071397649682f344161306f79737a794d2f6f2b3077366d75682b6831464646656b664568525252514155555555414646464466642b5872514135566152747144636637713831792b70654e7642656933483258577459734c4f542b35635845555a2f4a33427279335650675070666a432b6c76506968725771654a495a547557796c6d4e725a526a73426257336c672f77433949386872704e4c2b42667754304d35306a77666f6c75772f69466e41542b5a516e2f7836676e6d66524870747065575639627065574d795477794c7556346d444b523745634770367132646a5a36626170616166436b454d66796f6b5368564139674e6f577256425155555555414646464641486d7678672b4a32672f427634623678385350456e4e747056755a566958373873702b534b4a5056354a43714c39612f46763458366271337849767250785a34676d5739302f54355a62796564755631485635587a4c646a316a746a6d4b466a7735475541434131394b66746f573850375258784b672b42386c3550443461384965566636757475634734765a782b36747965776867334f2b4f63794448544e53616270746a6f2b6e322b6b6158436b46746249496f6f6f6868555252674141644142774b343854506f6a367a49384a6f35765a6c376274343655555556786e306755555555414646464e6637744263546876694a346d68384a2b45377a574a6a68776d794c31387875457238587668444a4a4e34504f704d632f62372b3875732b6f6b75487766794666614837576e7853574f32763949303835673053336c6e6c323935684763443850752f57766a587733627234442b46397048636638777a5451372f4146575065663172716f7179756374642b2b6c32756575615a4e354e31444d76384c71333547766f4c39756134743550686e346274376a6e375234687432322f377345373138753648655458326c32656f584b37486d69696c5a66517341545873332f42514856466a38502b41394c5673537a61744c636266614b30635a2f4f52613538612f3362666b79345376467679502f5838722f344a4f2b4d6f376634312b4c76423750685045506836523058706d53306b7a782f774352712b346b2b3758346c6673652f4543332b4533375258676e78784e6359744576317372787338434337486b535a396876552f6858376533734c576571584e6a4a393647575250794a4666413446376f2f614b6276477a376b4e5666325a66484678384c6646562f346262635964487647693265746e636676593866376d57412b6c5771387838536638557a34303076786f70325158502f45727654323253484d446e2f636b342b6a31364c6a644e47632f64616b66756859586c76665771586c6f3679787a4b48526c3645486f617656385a2f73372f452f7932587748724c37564f6673624e325065502f4438712b79466b44567763746e7973376f79755355555555427a4d4b61796875744f6f6f4b50446647554e37384d4e59756669643466746e6e307135595072316e454d7467444832324a42316b6a412f664950395a474d2f66515a30506952342b48772f384143756e2f414c5158687447314a66423030586942467379474e7861415975556a3541627a4c5a33322f4e6738563743633434723573743747302b446d764c3454756b582f4149517678444f305671472b375a58552b633278374332755357386e736b684b64485374497931756364616d6d6e54657a5031512f5a2f2f4147717667622b30707066327a345436326c316371676c6c3032344267765951526e393562763841506a2f62544b65687236495752574f4b2f6b6262776a44345631713738443379756c373453765773726536526e696e574966506276484c4752496d59536e3357485376717a776e2f414d464550326c7667624a70466a716373487843306d37765972426f4e5862796279495341346358736148666a474d545275546e7258644762576d35386869636e71515634616e39486c46666e6e384f2f77446770562b7a7a34736a687466486a336e67612b64527558574938322b6661386733772f38416665797676447733346b30487864706161353456767266564c4b56647958466e4b6b305a4871486a4a57716a56523563364d6f4f3030626c464e566c6237707a5471766d526b46464737647a316f6f356b415555553073713855637941645254664e582b392f6e38366a383566757238782f7539364f5a4663724a714b34487833385576687a384c644c4f7466456e58744f385057792f38746452754934422b486d45456e32554e5877583852763841677152384339443836772b45756e366c343576452b565a624f50374e5a5a2f362b376b4a6b66375555542b315437566443345965705034456670677a4b76343138672f744d6674782f732b2f73743658654e343831583766726474455a5530485452396f765a5051474e4f4951375958664d79446e7658347066474439753739724434742b4f4c5077582f624672344b385033746c635845396c34663369364956305241392f4a2b387764357a355352313554384c66682f6f2f69623470614434487362566673666e6e57645562715a49375567782b593579376d53637079535363476f6e4d3961686c4d33643144394f2f6872702b74772b4854726e697737396431366554567455622f7036756a766366534d62597837494b394170712f3375394f727a705375376e3264476d7163465458514b4b4b4b664b7a594b4b4b4b6b6a2b384665552f46763467512b4176444c336b4c66365a506c4c646666752f30466567613172466a6f4f6d7a6174716b717732397575357933702f6a58356e66456a783565655066455575725853374978386b435a2b37474f3331505531634958596d374c6d506e62347558546178707348682b5a32656258622b4b33623358663573705038417742442b645a7678576d6b7576434c36486266367a574a3472424637346d66352f77416f77315174495045587854655163323368797a32653332693677542b4b5267666e58462f384a564434712f614448677533445042345930773373723976745677664c516656493933353132727365664f65372b52394857717872694f5035517546583643744c397544554964652b4b33686a773735757a2b7839476b7647582f6175704552502f484954576670386254586c76627239365356562f4d675638302f457a78343378482b4d3369667831627676745a727a37425a62543174374c3977684831634f2f34313557617a7453666d646349704c6b39442f394438484e4e7676746e2f41424c313351735632356a37653966763738432f693548385950414e6c34736b4b2f6239677437395037747a45416b6e2f6666337839612f6e31384e33467635653254695864752b74665a33374c66786f6234632f455a644e317066493066586474764f3766646a6e58694b5432422b343334562b643035386b376e3639526e5a363954396a504548696e522f43746c446661354c354d4d31784661683236655a4d64695a2b70347178726d6b3666346b30653530585568756875304d542b7650636534504939362b66384139706a772f4a34302b412f694c534c62635a30746674554f4f6f6b67496c4248754d63567a2f374b2f7741664c6634776542307464586d582b33744b56597231502b65672f676e4139484858304f52587179646c436663336c4a6530644b66592b69766872346d3153367358302f57483236746f386f7462706c344c4d6f796b6f39704577362b2b66537631432b432f7863673861574b614c724434314f4663626a78356f4863652f7744654834312b544869794f54777a724550784930315749685151616c47764a65337a6e65423365452f4d50555a46657a614c72636b4d6b477261544e6738537853784838515161697453767169714d33443358305032425674314f7235372b4566786f736647454b614c727a724271595861765a4a6663652f2b7a2b566651537475726c4f7457734f6f6f6f6f446d59567a76696277376f2f697251627a777a3468675735737236497853784e33552b2f596a37796c655163455630564e5a565033716532777637702b4d76786d764e6538422f4844546644506a687a4e6433316d4e4f572f622f6c396a684a657a75442f414e4e676d2b43662f6256443063567a486a375364533172777263572b6b6f3332324862645776485757467849672f456a483431397a2f7431667374322f375658774a31447754707333325078445a71627a524c7453564d64776f794979527a3563324e6a72394432723864662b4354666876775838554e4c385a2f446e34735731316365496442764935342f4e7572685a4568624d556b667953416675356b782b4e64394b4b64506e5432332f727365466a6358395771657971527570624d2b78764475765750696252626258744c4f594c744e362b33716839304f344d50555659676c302f774c6448784e6f392f5034577550764e656164504a5a4e2b6352514f66717072366b384f2f73552f41587737635846316f396a666f4c75557a79784e714632597a49334c7673387a716634713957384b2f73392f422f77414936696d7261486f466d6c354532354c6955504e4b4437504b58492f436e79782f6d4f57655a4b5331702f662f41457a7a5034572f46542f67704c5a2f436e532f4658672f346d577573583979736b363664343330794f586444356838724e78622b5463526b783753642b635a726d2f46582f4258542f676f703841376557342b4e33375046683467736f6676616c345876703549634471646e6c7a4f6e2f41674b2b31504c322f4b337a4530317256667644672f374e58486c3672385776384167666765464f6933732f772f702f69666e446f2f2f423054384859356e74664748776a385157633066797374726657306842373545694952585458482f4230522b797248446d332b472f6939355037725332514835373639302b4c48374b33375076787551782f464c77667065737556783538384945772b6b736578782f333158352b2b4e76384167696a2b787a346b6b653438506a572f447a742f445a33666d49506f6b36502f414472654d4b485674484e4b46646252542b2f2f4144505274632f344f6e76685462742f7854767766316d34542b3964616a62786e386b6a6576462f456e2f42314a34716c6a6365442f67315a52502f41414e6536704933365277442b64656233482f4242663443794e75742f47766946462f69334c62482f774270567661482f774145497632614c4755546131346b3852333666334e3845583670486d6e375044395a666e2f6b522f7450536e2b582b5a344434382f344f616632367645537648344c38503841684c7733453264724c625333636748316e6c32662b4f5638652b49502b4371332f4257623971335533384c2b472f486e694f37613662623967384c774331586e742f6f6b59492f3445396676523850662b4355763745507739654b346838475261746352664e357572545333482f6a68594a2b6c66565869665364422b4466772f4f6d2f4333537250544c7136655054744c74374f4a496f7a63546e5a47646941634a383068396b706332476a74472f39655a55614f4b65386b7636387638414d2f6d762f5a422b4566784530763471583378552f61776b3145616e5a75316e707375755353544b31774469632f614a4338666d522f633262386735394b2f58324f34573468575733506e4966757368334438785836492b4666687a3464384e2b43375877484443747a70397245496d576451776c5056354842344a64324c6e334e656636352b79762b7a3372794d75706544744c4b746e6473517864663841726d55724b636b33665939764c38533850547334333837362f71666d33345976563852654c74583858323557537a6952644c7458586c58386c7938354239504d4f7a2f674666665837472b67783330506950346b534b702b325867307531663168732f766b65786e642f79723846662b4372333750586733396e33786e3450752f677670726148704f7432467845396c5a7953694533554567494951756470644a426e48584666306a6673702f444f50344f2f73372b4450687171624a644a3069434b6650557a4d6e6d536b2b2b387457574b68795254767565746c2b4e2b73566e543562573166364830556e3361645252586e58387a36414b4b4b4b726f54454b6a6b6b6a676a4d6b685542666d5a6d364155356d7839612b4c666a6c38596c31447a664276686d582f52673232366e552f36776a2b4165772f693961456d32456e625535483432664651654d7235744430642f77446957576a664b772f35617350342f7036666e58797634713851326668765262765872356430646f68666176566a30434433633455653572656d7550346d4e66503369627846706574654a70723756726c4c665166435466614c795754694e72734435426e754941636e2f706f514f6f727255556c5935616b394c39517674562f34564c384f706463316f4c50724634356c654a542f414b36396e3545593967666c396b544e6565667339364c396d38546135724e314e3970757062653157346e2f414c38306d2b57512f6d5678364446633772576f583378423143487878716950625738616e2b79374f5563787874316c6b482f50615265333843636463313662384331686254396331713156646c33716b694c39494930692f6d70727a3459723275493549624977354c387639664d37503476654f4c37775834526c6d304f587939567658466e594e36545366782f397330334f6670587a626f4b77364f31766f39723979424247753732372f553154385a654c492f694e34776c38525763752f53744b3357656e62656b6a452f76357837456a596e7343653952773273336e466c4b6c3158637676394b38764e612f50553546304f756972766d502f39482b65474f385731766c686a353870685871433345656f5272397550377031327376714b3831686a32336d324d37766d2b5a716b57366d5864466a2b4f767a7071352b724b58526e37486673702f484350346865463576687a347575566b31585334764b5465666d754c5447504d3979672b522f7a37312b63304f6f2b4d506766385435377a77704d317466364a6353322f7a44355a49772b504c6b48644854622f4144466556615a346d315451645374746130476553793143306266465045634d702f775064547761327647337858314c3468654c704e6331697a57473675626466744477663671576150354e3448564336597976714f4b32684f394e775a565372666c6656483772664133343665462f6a4e34566931545433696876305862643247374d6b4c652b51704b487364754b36727733664e344938534c344c6d4f7a53722f4c36617a6449354d35653242395034342f6249476363667a303656346f31727733715676726d67334d746865576e334c69336261772f48302f325477612b3176426637633139716d6d76344e2b4d576b747155436f4e326f32424555717432506c6e6a7a4231796a44466447476e4f62396e61357055786c4f435535757a2f426e37595774354a48494a493277772f7531396966436e342b534e4a46346638635372733234697647362b7766312f77423738362f466e34422f745a654466694e725a2b483935664d2b71787275745a5a347a4362715036486754442b4e4277656f3942397457743538717374623161562f646c6f7a716f56314e63394e33696673564463523345596c6a495a4747565a65682f477246666d2f384f666a4a723367575262566d2b313663572b61335939506444322f6c583364345038414848682f786e7076396f36444f727150766f33444b665169755278634e7a7267307a73714b4b4b664d784657614c35666c72384466435067614c34432f7744425971587737704d76396e36663852334b425a65496e4f6f782b5967482f623344745833657633366637746669502f775630384a366c3462767668372b30523458477a553945767a5a4c4b4f4d534b34764c624a2f3636527376343131344e3363716664486b5a2f5235384c37526278647a396e3955384c362f774346376a37483469745a624f542b48654f44394430502f41617a664c622f41442f2b7576304e2b45507845384b2f7443664276773338574e4a696975394e38566162427155614d41796a7a6b42644d6637443554384b35585576676a384e664745307366685337574335526972705a794a4b464939593873522b6c625261617566497772397a345a6f72364538516673362b4f744b592f77426c76427143442b4647387554386e2f7872782f57504366695451574d6572366663573250346e55342f507054743547797170374d356e59744e387638417a2f6b314a2f75746e2f6470327871437972356650536e65566a3774574e757a714b465864533555462f4d72374772794c554e4e314458666a4a6166616f572f732f77397078756f6e78776275374c785a7a3678776f332f41483872326279322f77412f2f727046686b6b6b45636173582f685665542b564d4871694659313230316f2f6c72317a77763841426e3467654b6d4832577761326a6235764e75506c47505848552f6c585a57756a2f4176774c716a6150346931522f46477478664d326c36544539334944327a46626838663974485155755647547277522b47762f425254344d335878593851664136332b7a504e6279655049724b567775563875534a7035426e70306772396149563674367457742b314e634c34733852664350543953304b58516861613371477157747264474c7a414c6654336a336c496936526e4d2f54637839617a3431327257474b6c384d6578394a6b4562787156653976774a4b4b4b4b347a335170753961476262587a563861766a4d7668694e2f44506875525471422b57575665664b486f503841622f6c566275794b3057736a432b505878596d735766776234646d5545722f706b71486b5a2f355a6a2b76355638557a546268387871533676486d6b4d736879782b62357138522b4d6e786a384a2f4276776663654c7646556a624579734d45584d73306e614f4e50346a3639674f54585643467446756339576f74336f6a6d663268506a4e592f436e777a43734e7771617472457632577754425a736e3738676a414a6679787a365a774b2b4b3574533851612f59324e7272304c57566c594e7674644f33627353486b7a33442f38747069656374774365426e6d75696d31796278704a4438524e576e6775627a553467797978664e48444631534b442f59412b386570664a507452502b6c516e6279323676437875595876546752436e37522b3062303648544e346b7549394f4832715673522f4f7a4e36415a724e30727835635848772f306634532b484a6d443364716272584c71496e4d5032687a496263482b475354507a4e6e4b4a32424f617835724f333153786d303355464d6b55305269645637686867386a7078585365456644756d614c6f366150704672354e70614a74525537483150726e2b4a6d363177306354374b4572627375725363354b327865687337654733687437534a5569695549694a7741427742585a61665a724e4931307877712f64716a70756e7952327076396d306f337971773450617436474978322f6c78686a6c6433343177796b7a6f696c6179502f532f6e6457543747766c722f72443937643756636b766f35465a70502f414b395874756a7a572f6e4e77352b5657726b356c327435636239477238396a7166717262527066616f576b335231596a5a6c6a6550487a47735257574f506378357262686b2b7a782b5a752b392f65707969462f74454f6f532f59345262782f50633348796f76596570507342556c6e444459516947502b482b4c7554366e337246734a4676704472456a66363164735873762f774266725778752b6264757236724c4d4c374b6e7a76646e784f6259373231577932527657656f58466e4d6c7a627976484c4751364f687756596367676a6f525836736673322f74705765726552344a2b4c6c77747666634a62366b654935765153396b6b2f327568396a5835474a4979646474573437754e666c6261633131596e437872725866755a5a646d6458427976445a376f2f71537462364f5a565a54387072737644766962565044756f4a716d69334457383666645a66543049376a32722b6638412b42763759486a623455787736447257375739456a2b56594a572f6652442f706c496676442f59666a3078583678664358342f6644763476614f6458384733367a65533279654a77566b69623063657630727761394b564a3271722f414350304c415a6c5278537653657662716a396950686a38634e4838586556704776626250555075727a2b376c507436483262384b2b674e36312b4d397272567677797a4c2b64665848776e2f6148577a3872772f77434d726a7a4c62377158446373766f4839523739613435306e44336c7365704366526e33412f33612b412f774467706634562f7743456f2f5937385753424e38756a2b52716b58714462797076782f7741414a7237716a315454356f513863796c543932766e2f774461716a3076575032626648326d335471556b30433933632b6b446b667971384e4f31574438794d54543970526c4239557a6c2f38416767502b3057766a76396e335866326564596e56372f7744652b665a4933583742656b754d6530632f6d72375a4666745a34752b44667770386458696178347130477a75623150755853723555362f5357505a49507a722f4144372f414e685039747278462b784238664c443431614c592f327a597a57556c68716d6d2b6235503269336d416641664241654f514b364d5649794d64362f70753842663848445837467576576179654e644838546548726a2b4a47743437746677654b515a2f373572304b304b6c4b6f306b3750736d2f77416a38776f5256534f725631336158356e362b4c384372375364773846654e5045326b412f64696c7530766f52394576593569422f736836685068503841614f3075334d656e2b4c74473167633756314c5448694a48753974636f503841787976672f51662b4334582f41415452317a35627234692f32532f397a55724b37672f5879795031723362776e2f77552b2f344a2b2b4e704568384e2f467a773963752f335638353150366f745a75615878713379742f6b62786f536e3846332b5038416d656d61746f50787375472f347144774e345131674e6a63397266543238684866416e745a4f662b423131476a2f42587766346730744c725874424f6858687972573846324a674d6443485467352f3352563777372b306c3842504679377644506937533739662b6d45326636563656592b4e5043756f664c70392f424d542f4148446d732f724e4c704a666555364e5744392b362f41386a6e2f5a6e3844794d57687537784133384f35442f4d553248396d667754393253367654742f326b48394b396f7650466568366178612b7645682f337a586e2f4149692f61452b43766847507a664533696e54624250373038755036553559696c2f4d76774b67717374727362592f4150345a324c4b7a5762334c66394e3548492f496261352b2b302f346e6166713075692f436e777a6f6d685761664c2f6132705365617a653864706234596a2f72704d6e3072785078682f7755382f594638426c3138566646727739614f69376d547a6e5a7366524561766d6678522f7758572f344a753644752f736e7868652b4947482f414543644f754a51662b42794c476e2f414939567771716677612b6e2f414a715536692f696165762f4250304a6c2b42792b4a315754347665494e5338554862383972356e324f782f77444153334b42782f3132655376572f446668767737345030744e443849366462365859703074374f4e496f2f384176684142583839486a2f3841344f4f2f3266644933772f446634666549645a59666465396d74724b5038675a337234552b4a582f4141636166744a3639356b5077763841422f6872773343796c5665384d2b6f536a33354d4d663841343452577970315874462f6b6338765a7234352f722b567a396576326a766a6e592b4d502b436c576a66416e535857574c775a344975373239322f7733656f5845477850714945566d2f3336396f586c612f6d6a2f77434361667875385566467239764458506952385474554f7065495046576b333131655854674c356b752b42794167774541516255413441474258394b454e375a7375377a56726878734c564c65523974772f4e5477376365372f41454c314e5a677657717261685a6a2f414a616a38362b64666a52386272507766432f6833772f4d70314b52666d662f414a3541392f3841662f752b6c63696a6339336255643861506a4a4834566866773334646c56745364663372727a35492f7744697a2b6c66424e39664e4a49386b7a4d7a4e387a4d3350577376567645317238393564542f414463733773632b354a4e666d5438637632394e4f74544e34663841677673765a755566564a522b35516a672b55682f3168397a386e3172746f555739494c553463566934556f653071757950724c343566744665436667746f2f6e61784c3972314b345864613664455235736e7566376b6639357a2b475458346a2f45373473654d766974346f667856343075664d6d326c49496b3469676a2f75526a303957366e76586c6439346931547848346d315478507231354c653374334b466c6e6e59737a4652362f552f644841375658613452757072334d4e673154316c717a344c4e4d377159723933485348352b70394866416e346866324c7241384861784c2f784c3952662f41456650534b5a7533736b6e3650384157767471346a6c6b6d2f6566786665326a46666b3072525371597966766633612f5466396e6e78314838527442672f7436565876374e76737477754d41736f79482f34474e702b75612b57346a79395533395a707252372f414f5a3776444f5a4f612b727a653278366259324b7774464d6f59352b39374376532f736132454d69787276697546444b71396331313050682f534a4c78466d6c554b366a35523034713965577568784b6c735a4649692f692f6b4b2b4e6337732b77393434335337565a4c57346b6b47315973642f583271763841626f3075385137647533625636366d302b3632366261544b3775337a62654f6c50622b78374f466f514d334b4b5758363077502f32513d3d);
INSERT INTO `playlist` (`playlistID`, `playlistName`, `playlistOwner`, `playlistPrivate`, `playlistCover`) VALUES
(201, 'Favourites', '43', 1, ''),
(202, 'Favourites', '44', 1, ''),
(203, 'My Playlist #203', '44', 1, '');

-- --------------------------------------------------------

--
-- Table structure for table `playlist_songs`
--

DROP TABLE IF EXISTS `playlist_songs`;
CREATE TABLE IF NOT EXISTS `playlist_songs` (
  `playlistSongID` int(11) NOT NULL AUTO_INCREMENT,
  `playlistIDFK` int(11) NOT NULL,
  `songID` int(11) NOT NULL,
  `favOrNot` int(11) NOT NULL COMMENT 'Favourite = 1 | Not Fav = 0',
  PRIMARY KEY (`playlistSongID`)
) ENGINE=MyISAM AUTO_INCREMENT=575 DEFAULT CHARSET=latin1;

--
-- Dumping data for table `playlist_songs`
--

INSERT INTO `playlist_songs` (`playlistSongID`, `playlistIDFK`, `songID`, `favOrNot`) VALUES
(359, 46, 49, 0),
(394, 81, 46, 0),
(382, 57, 56, 0),
(552, 121, 47, 0),
(572, 202, 70, 1),
(549, 13, 128, 1),
(574, 202, 117, 1),
(534, 13, 62, 1),
(570, 13, 50, 1),
(573, 202, 121, 1),
(547, 148, 122, 0),
(564, 13, 52, 1),
(553, 13, 122, 1);

-- --------------------------------------------------------

--
-- Table structure for table `song`
--

DROP TABLE IF EXISTS `song`;
CREATE TABLE IF NOT EXISTS `song` (
  `songID` int(11) NOT NULL AUTO_INCREMENT,
  `albumIDFK` int(11) NOT NULL,
  `songTitle` varchar(255) NOT NULL,
  `songTrackNo` int(11) NOT NULL,
  `songArtist` varchar(128) NOT NULL,
  `songURL` varchar(255) NOT NULL,
  `songExplicit` int(1) NOT NULL COMMENT '0 = Not Explicit | 1 = Explicit	',
  `songDuration` varchar(8) NOT NULL,
  PRIMARY KEY (`songID`)
) ENGINE=MyISAM AUTO_INCREMENT=130 DEFAULT CHARSET=latin1;

--
-- Dumping data for table `song`
--

INSERT INTO `song` (`songID`, `albumIDFK`, `songTitle`, `songTrackNo`, `songArtist`, `songURL`, `songExplicit`, `songDuration`) VALUES
(46, 38, 'Sunroof', 1, 'Nicky Youre & Dazy', 'https://github.com/limcai21/project-music/blob/main/music/Sunroof/01%20Sunroof.mp3?raw=true', 0, '2:43'),
(47, 39, 'Any Song', 1, 'ZICO', 'https://github.com/limcai21/project-music/blob/main/music/Any%20Song/01%20Any%20Song.m4a?raw=true', 0, '3:47'),
(48, 61, 'Be Alright', 1, 'Dean Lewis', 'https://github.com/limcai21/project-music/blob/main/music/Be%20Alright/01%20Be%20Alright.m4a?raw=true', 1, '3:16'),
(49, 41, 'Celebrity', 1, 'IU', 'https://github.com/limcai21/project-music/blob/main/music/Celebrity/01%20Celebrity.mp3?raw=true', 0, '3:15'),
(50, 46, 'Don\'t Wake Me Up', 1, 'Jonas Blue &amp; Why Don\'t We', 'https://github.com/limcai21/project-music/blob/main/music/Dont%20Wake%20Me%20Up/01%20Dont%20Wake%20Me%20Up.mp3?raw=true', 0, '3:08'),
(52, 48, 'Hold On', 1, 'Justin Bieber', 'https://github.com/limcai21/project-music/blob/main/music/Hold%20On/01%20Hold%20On.mp3?raw=true', 0, '2:50'),
(53, 49, 'Left and Right', 1, 'Charlie Puth & Jung Kook', 'https://github.com/limcai21/project-music/blob/main/music/Left%20and%20Right/01%20Left%20and%20Right.m4a?raw=true', 0, '2:34'),
(54, 50, 'Levitating (feat. DaBaby)', 1, 'Dua Lipa', 'https://github.com/limcai21/project-music/blob/main/music/Levitating/01%20Levitating%20(feat.%20DaBaby).m4a?raw=true', 0, '3:23'),
(55, 51, 'My Universe', 1, 'Coldplay & BTS', 'https://github.com/limcai21/project-music/blob/main/music/My%20Universe/01%20My%20Universe.m4a?raw=true', 0, '3:46'),
(56, 52, 'STAY', 1, 'The Kid LAROI & Justin Bieber', 'https://github.com/limcai21/project-music/blob/main/music/STAY/01%20Stay.m4a?raw=true', 1, '2:21'),
(57, 53, 'September', 1, 'James Arthur', 'https://github.com/limcai21/project-music/blob/main/music/September/01%20September.m4a?raw=true', 0, '3:42'),
(58, 54, 'So Far Away (feat. Jamie Scott & Romy)', 1, 'Martin Garrix & David Guetta', 'https://github.com/limcai21/project-music/blob/main/music/So%20Far%20Away/01%20So%20Far%20Away%20(feat.%20Jamie%20Scott%20&%20Romy).m4a?raw=true', 0, '3:03'),
(59, 55, 'ZOOM', 1, 'Jessi', 'https://github.com/limcai21/project-music/blob/main/music/ZOOM/01%20ZOOM.m4a?raw=true', 0, '2:54'),
(60, 56, 'all the kids are depressed', 1, 'Jeremy Zucker', 'https://github.com/limcai21/project-music/blob/main/music/all%20the%20kids%20are%20depressed/01%20all%20the%20kids%20are%20depressed.m4a?raw=true', 1, '2:49'),
(61, 57, 'this is what falling in love feel like', 1, 'JVKE', 'https://github.com/limcai21/project-music/blob/main/music/this%20is%20what%20falling%20in%20love%20feel%20like/01%20This%20Is%20What%20Falling%20In%20Love%20Feel.m4a?raw=true', 0, '2:00'),
(62, 58, 'On The Ground', 1, 'ROSÉ', 'https://github.com/limcai21/project-music/blob/main/music/R/01%20On%20The%20Ground.mp3?raw=true', 0, '2:48'),
(63, 58, 'Gone', 2, 'ROSÉ', 'https://github.com/limcai21/project-music/blob/main/music/R/02%20Gone.mp3?raw=true', 0, '3:27'),
(123, 75, 'a', 3, 'Taylor Swift', 'https://github.com/limcai21/project-music/blob/main/music/So%20Far%20Away/01%20So%20Far%20Away%20(feat.%20Jamie%20Scott%20&%20Romy).m4a?raw=true', 0, '3:03'),
(69, 63, 'Cruel Summer', 2, 'Taylor Swift', 'https://github.com/limcai21/project-music/blob/main/music/Lover/02%20Cruel%20Summer.m4a?raw=true', 0, '2:58'),
(68, 63, 'I Forgot That You Existed', 1, 'Taylor Swift', 'https://github.com/limcai21/project-music/blob/main/music/Lover/01%20I%20Forgot%20That%20You%20Existed.m4a?raw=true', 0, '2:50'),
(70, 63, 'Lover', 3, 'Taylor Swift', 'https://github.com/limcai21/project-music/blob/main/music/Lover/03%20Lover.m4a?raw=true', 0, '3:41'),
(71, 63, 'The Man', 4, 'Taylor Swift', 'https://github.com/limcai21/project-music/blob/main/music/Lover/04%20The%20Man.m4a?raw=true', 0, '3:10'),
(72, 63, 'The Archer', 5, 'Taylor Swift', 'https://github.com/limcai21/project-music/blob/main/music/Lover/05%20The%20Archer.m4a?raw=true', 0, '3:31'),
(73, 63, 'I Think He Knows', 6, 'Taylor Swift', 'https://github.com/limcai21/project-music/blob/main/music/Lover/06%20I%20Think%20He%20Knows.m4a?raw=true', 0, '2:53'),
(74, 63, 'Miss Americana & The Heartbreak Prince', 7, 'Taylor Swift', 'https://github.com/limcai21/project-music/blob/main/music/Lover/07%20Miss%20Americana%20&%20The%20Heartbreak%20Prince.m4a?raw=true', 0, '3:54'),
(75, 63, 'Paper Rings', 8, 'Taylor Swift', 'https://github.com/limcai21/project-music/blob/main/music/Lover/08%20Paper%20Rings.m4a?raw=true', 0, '3:42'),
(76, 63, 'Cornelia Street', 9, 'Taylor Swift', 'https://github.com/limcai21/project-music/blob/main/music/Lover/09%20Cornelia%20Street.m4a?raw=true', 0, '4:47'),
(77, 63, 'Death By A Thousand Cuts', 10, 'Taylor Swift', 'https://github.com/limcai21/project-music/blob/main/music/Lover/10%20Death%20By%20A%20Thousand%20Cuts.m4a?raw=true', 0, '3:18'),
(78, 63, 'London Boy', 11, 'Taylor Swift', 'https://github.com/limcai21/project-music/blob/main/music/Lover/11%20London%20Boy.m4a?raw=true', 0, '3:10'),
(79, 63, 'Soon You\'ll Get Better (feat. Dixie Chicks)', 12, 'Taylor Swift', 'https://github.com/limcai21/project-music/blob/main/music/Lover/12%20Soon%20You\'ll%20Get%20Better%20(feat.%20Dixie%20Chicks).m4a?raw=true', 0, '3:21'),
(80, 63, 'False God', 13, 'Taylor Swift', 'https://github.com/limcai21/project-music/blob/main/music/Lover/13%20False%20God.m4a?raw=true', 0, '3:20'),
(81, 63, 'You Need To Calm Down', 14, 'Taylor Swift', 'https://github.com/limcai21/project-music/blob/main/music/Lover/14%20You%20Need%20To%20Calm%20Down.m4a?raw=true', 0, '2:51'),
(82, 63, 'Afterglow', 15, 'Taylor Swift', 'https://github.com/limcai21/project-music/blob/main/music/Lover/15%20Afterglow.m4a?raw=true', 0, '3:43'),
(83, 63, 'ME! (feat. Brendon Urie of Panic! At the Disco)', 16, 'Taylor Swift', 'https://github.com/limcai21/project-music/blob/main/music/Lover/16%20ME!%20(feat.%20Brendon%20Urie%20of%20Panic!%20At%20the%20Disco).m4a?raw=true', 0, '3:13'),
(84, 63, 'It\'s Nice To Have A Friend', 17, 'Taylor Swift', 'https://github.com/limcai21/project-music/blob/main/music/Lover/17%20It\'s%20Nice%20To%20Have%20A%20Friend.m4a?raw=true', 0, '2:30'),
(85, 63, 'Daylight', 18, 'Taylor Swift', 'https://github.com/limcai21/project-music/blob/main/music/Lover/18%20Daylight.m4a?raw=true', 0, '4:53'),
(86, 64, 'The Way I Am', 1, 'Charlie Puth', 'https://github.com/limcai21/project-music/blob/main/music/Voicenotes/01%20The%20Way%20I%20Am.m4a?raw=true', 0, '3:06'),
(87, 64, 'LA Girls', 3, 'Charlie Puth', 'https://github.com/limcai21/project-music/blob/main/music/Voicenotes/03%20LA%20Girls.m4a?raw=true', 0, '3:17'),
(88, 64, 'Attention', 2, 'Charlie Puth', 'https://github.com/limcai21/project-music/blob/main/music/Voicenotes/02%20Attention.m4a?raw=true', 0, '3:28'),
(89, 64, 'How Long', 4, 'Charlie Puth', 'https://github.com/limcai21/project-music/blob/main/music/Voicenotes/04%20How%20Long.m4a?raw=true', 0, '3:20'),
(90, 64, 'Done For Me (feat. Kehlani)', 5, 'Charlie Puth', 'https://github.com/limcai21/project-music/blob/main/music/Voicenotes/05%20Done%20For%20Me%20(feat.%20Kehlani).m4a?raw=true', 0, '3:00'),
(91, 64, 'Patient', 6, 'Charlie Puth', 'https://github.com/limcai21/project-music/blob/main/music/Voicenotes/06%20Patient.m4a?raw=true', 0, '3:10'),
(92, 64, 'If You Leave Me Now (feat. Boyz II Men)', 7, 'Charlie Puth', 'https://github.com/limcai21/project-music/blob/main/music/Voicenotes/07%20If%20You%20Leave%20Me%20Now%20(feat.%20Boyz%20II%20Men).m4a?raw=true', 0, '4:03'),
(93, 64, 'BOY', 8, 'Charlie Puth', 'https://github.com/limcai21/project-music/blob/main/music/Voicenotes/08%20BOY.m4a?raw=true', 0, '4:23'),
(94, 64, 'Slow It Down', 9, 'Charlie Puth', 'https://github.com/limcai21/project-music/blob/main/music/Voicenotes/09%20Slow%20It%20Down.m4a?raw=true', 0, '3:10'),
(95, 64, 'Change (feat. James Taylor)', 10, 'Charlie Puth', 'https://github.com/limcai21/project-music/blob/main/music/Voicenotes/10%20Change%20(feat.%20James%20Taylor).m4a?raw=true', 0, '3:37'),
(96, 64, 'Somebody Told Me', 11, 'Charlie Puth', 'https://github.com/limcai21/project-music/blob/main/music/Voicenotes/11%20Somebody%20Told%20Me.m4a?raw=true', 0, '3:36'),
(97, 64, 'Empty Cups', 12, 'Charlie Puth', 'https://github.com/limcai21/project-music/blob/main/music/Voicenotes/12%20Empty%20Cups.m4a?raw=true', 0, '2:51'),
(98, 64, 'Through It All', 13, 'Charlie Puth', 'https://github.com/limcai21/project-music/blob/main/music/Voicenotes/13%20Through%20It%20All.m4a?raw=true', 0, '3:26'),
(99, 65, 'I Like Me Better', 1, 'Lauv', 'https://github.com/limcai21/project-music/blob/main/music/I%20met%20you%20when%20I%20was%2018.%20(the%20playlist)/01%20I%20Like%20Me%20Better.m4a?raw=true', 0, '3:17'),
(100, 65, 'Paris in the Rain', 2, 'Lauv', 'https://github.com/limcai21/project-music/blob/main/music/I%20met%20you%20when%20I%20was%2018.%20(the%20playlist)/02%20Paris%20in%20the%20Rain.m4a?raw=true', 0, '3:24'),
(101, 65, 'Comfortable', 3, 'Lauv', 'https://github.com/limcai21/project-music/blob/main/music/I%20met%20you%20when%20I%20was%2018.%20(the%20playlist)/03%20Comfortable.m4a?raw=true', 0, '2:45'),
(102, 65, 'Paranoid', 4, 'Lauv', 'https://github.com/limcai21/project-music/blob/main/music/I%20met%20you%20when%20I%20was%2018.%20(the%20playlist)/04%20Paranoid.m4a?raw=true', 0, '3:12'),
(103, 65, 'The Other', 5, 'Lauv', 'https://github.com/limcai21/project-music/blob/main/music/I%20met%20you%20when%20I%20was%2018.%20(the%20playlist)/05%20The%20Other.m4a?raw=true', 0, '3:09'),
(104, 65, 'Reforget', 6, 'Lauv', 'https://github.com/limcai21/project-music/blob/main/music/I%20met%20you%20when%20I%20was%2018.%20(the%20playlist)/06%20Reforget.m4a?raw=true', 0, '3:51'),
(105, 65, 'The Story Never Ends', 7, 'Lauv', 'https://github.com/limcai21/project-music/blob/main/music/I%20met%20you%20when%20I%20was%2018.%20(the%20playlist)/07%20The%20Story%20Never%20Ends.m4a?raw=true', 0, '3:49'),
(106, 65, 'Enemies', 8, 'Lauv', 'https://github.com/limcai21/project-music/blob/main/music/I%20met%20you%20when%20I%20was%2018.%20(the%20playlist)/08%20Enemies.m4a?raw=true', 0, '3:14'),
(107, 65, 'Come Back Home', 9, 'Lauv', 'https://github.com/limcai21/project-music/blob/main/music/I%20met%20you%20when%20I%20was%2018.%20(the%20playlist)/09%20Come%20Back%20Home.m4a?raw=true', 0, '3:51'),
(108, 65, 'Question (feat. Travis Mills)', 10, 'Lauv', 'https://github.com/limcai21/project-music/blob/main/music/I%20met%20you%20when%20I%20was%2018.%20(the%20playlist)/10%20Question%20(feat.%20Travis%20Mills).m4a?raw=true', 0, '3:55'),
(109, 65, 'Easy Love', 11, 'Lauv', 'https://github.com/limcai21/project-music/blob/main/music/I%20met%20you%20when%20I%20was%2018.%20(the%20playlist)/11%20Easy%20Love.m4a?raw=true', 0, '3:44'),
(110, 65, 'Adrenaline', 12, 'Lauv', 'https://github.com/limcai21/project-music/blob/main/music/I%20met%20you%20when%20I%20was%2018.%20(the%20playlist)/12%20Adrenaline.m4a?raw=true', 0, '3:26'),
(111, 65, 'Chasing Fire', 13, 'Lauv', 'https://github.com/limcai21/project-music/blob/main/music/I%20met%20you%20when%20I%20was%2018.%20(the%20playlist)/13%20Chasing%20Fire.m4a?raw=true', 0, '3:25'),
(112, 65, 'Breathe', 14, 'Lauv', 'https://github.com/limcai21/project-music/blob/main/music/I%20met%20you%20when%20I%20was%2018.%20(the%20playlist)/14%20Breathe.m4a?raw=true', 0, '3:57'),
(113, 65, 'Bracelet', 15, 'Lauv', 'https://github.com/limcai21/project-music/blob/main/music/I%20met%20you%20when%20I%20was%2018.%20(the%20playlist)/15%20Bracelet.m4a?raw=true', 0, '4:22'),
(114, 65, 'Getting over You', 16, 'Lauv', 'https://github.com/limcai21/project-music/blob/main/music/I%20met%20you%20when%20I%20was%2018.%20(the%20playlist)/16%20Getting%20over%20You.m4a?raw=true', 0, '4:15'),
(115, 65, 'Never Not', 17, 'Lauv', 'https://github.com/limcai21/project-music/blob/main/music/I%20met%20you%20when%20I%20was%2018.%20(the%20playlist)/17%20Never%20Not.m4a?raw=true', 0, '3:28'),
(117, 70, 'Falling', 5, 'Chase Atlantic', 'https://github.com/limcai21/project-music/blob/main/music/Paradise/05%20Falling.mp3?raw=true', 1, '3:43'),
(118, 70, 'Obsessive', 4, 'Chase Atlantic', 'https://github.com/limcai21/project-music/blob/main/music/Paradise/04%20Obsessive.mp3?raw=true', 0, '3:58'),
(119, 70, 'Moonlight', 3, 'Chase Atlantic', 'https://github.com/limcai21/project-music/blob/main/music/Paradise/03%20Moonlight.mp3?raw=true', 0, '4:12'),
(120, 70, 'Paradise', 1, 'Chase Atlantic', 'https://github.com/limcai21/project-music/blob/main/music/Paradise/01%20Paradise.mp3?raw=true', 1, '4:16'),
(121, 70, 'Slow Down', 2, 'Chase Atlantic ', 'https://github.com/limcai21/project-music/blob/main/music/Paradise/02%20Slow%20Down.mp3?raw=true', 1, '3:32'),
(122, 71, 'Red Scarf (&quot;Till We Meet Again&quot; Movie Theme Song)', 1, 'WeiBird', 'https://github.com/limcai21/project-music/blob/main/music/Red%20Scarf/01%20Red%20Scarf%20(Till%20We%20Meet%20Again%20Movie%20Theme%20Song)%20-%20Single.mp3?raw=true', 0, '4:34');

-- --------------------------------------------------------

--
-- Table structure for table `user`
--

DROP TABLE IF EXISTS `user`;
CREATE TABLE IF NOT EXISTS `user` (
  `userID` int(11) NOT NULL AUTO_INCREMENT,
  `userUsername` varchar(255) NOT NULL,
  `userContactNo` int(11) NOT NULL,
  `userEmail` varchar(255) NOT NULL,
  `userPassword` varchar(255) NOT NULL,
  `adminOrUser` int(11) NOT NULL COMMENT 'Admin = 1 | User = 0',
  PRIMARY KEY (`userID`)
) ENGINE=MyISAM AUTO_INCREMENT=45 DEFAULT CHARSET=latin1;

--
-- Dumping data for table `user`
--

INSERT INTO `user` (`userID`, `userUsername`, `userContactNo`, `userEmail`, `userPassword`, `adminOrUser`) VALUES
(37, 'iacmil', 97278971, '224313Y@mymail.nyp.edu.sg', '25d55ad283aa400af464c76d713c07ad', 1),
(44, 'yimo', 97278971, 'yimo77@gmail.com', '25d55ad283aa400af464c76d713c07ad', 0),
(43, 'test', 97278971, 'test@gmail.com', '25d55ad283aa400af464c76d713c07ad', 0),
(42, 'limcai', 97278971, 'limcai2104@outlook.com', '25d55ad283aa400af464c76d713c07ad', 0);
COMMIT;

/*!40101 SET CHARACTER_SET_CLIENT=@OLD_CHARACTER_SET_CLIENT */;
/*!40101 SET CHARACTER_SET_RESULTS=@OLD_CHARACTER_SET_RESULTS */;
/*!40101 SET COLLATION_CONNECTION=@OLD_COLLATION_CONNECTION */;
